rho,mu_p,char_height_px,mean_cer,mean_char_acc,n_eval,qe_total,mtf_nyquist,aperture_f50_cpp
0.1,4,4,0.9799999399999999,0.02000006,50,0.085,0.959381,1.907975
0.1,16,4,0.94846148,0.05153852,50,0.085,0.959381,1.907975
0.1,64,4,0.9661537800000001,0.033846219999999996,50,0.085,0.959381,1.907975
0.1,256,4,0.9469230000000001,0.053077000000000006,50,0.085,0.959381,1.907975
0.1,1024,4,0.7861537800000002,0.21384622000000003,50,0.085,0.959381,1.907975
0.1,4096,4,0.7830769200000001,0.21692308000000005,50,0.085,0.959381,1.907975
0.1,16384,4,0.7699999,0.23000009999999999,50,0.085,0.959381,1.907975
0.1,65536,4,0.7707692199999999,0.22923078,50,0.085,0.959381,1.907975
0.2,4,4,0.9715383999999999,0.028461600000000004,50,0.17,0.919759,1.349142
0.2,16,4,0.94769222,0.052307780000000005,50,0.17,0.919759,1.349142
0.2,64,4,0.9723076600000001,0.027692340000000003,50,0.17,0.919759,1.349142
0.2,256,4,0.8299999200000001,0.17000008,50,0.17,0.919759,1.349142
0.2,1024,4,0.7676922400000001,0.23230776000000003,50,0.17,0.919759,1.349142
0.2,4096,4,0.7692307399999998,0.23076925999999998,50,0.17,0.919759,1.349142
0.2,16384,4,0.75999994,0.24000006,50,0.17,0.919759,1.349142
0.2,65536,4,0.75923078,0.24076922,50,0.17,0.919759,1.349142
0.3,4,4,0.95999996,0.04000004000000001,50,0.255,0.881116,1.10157
0.3,16,4,0.9407691800000001,0.059230819999999997,50,0.255,0.881116,1.10157
0.3,64,4,0.9807692,0.019230800000000003,50,0.255,0.881116,1.10157
0.3,256,4,0.78923074,0.21076926,50,0.255,0.881116,1.10157
0.3,1024,4,0.7423077,0.2576923,50,0.255,0.881116,1.10157
0.3,4096,4,0.7392307800000002,0.26076922,50,0.255,0.881116,1.10157
0.3,16384,4,0.7469230800000001,0.25307692,50,0.255,0.881116,1.10157
0.3,65536,4,0.7476923,0.2523077,50,0.255,0.881116,1.10157
0.4,4,4,0.9653845600000001,0.034615440000000004,50,0.34,0.843436,0.953987
0.4,16,4,0.95769224,0.04230776,50,0.34,0.843436,0.953987
0.4,64,4,0.9730768999999999,0.0269231,50,0.34,0.843436,0.953987
0.4,256,4,0.75153848,0.24846152000000005,50,0.34,0.843436,0.953987
0.4,1024,4,0.7300000400000001,0.26999996000000004,50,0.34,0.843436,0.953987
0.4,4096,4,0.7223077600000002,0.27769224000000003,50,0.34,0.843436,0.953987
0.4,16384,4,0.7238462200000001,0.27615378,50,0.34,0.843436,0.953987
0.4,65536,4,0.7276924,0.2723076,50,0.34,0.843436,0.953987
0.5,4,4,0.9592307,0.0407693,50,0.425,0.8067,0.853272
0.5,16,4,0.9699999800000001,0.030000020000000002,50,0.425,0.8067,0.853272
0.5,64,4,0.9484615200000001,0.05153848,50,0.425,0.8067,0.853272
0.5,256,4,0.7292307399999999,0.27076926,50,0.425,0.8067,0.853272
0.5,1024,4,0.69076922,0.30923078,50,0.425,0.8067,0.853272
0.5,4096,4,0.6915385200000002,0.30846148,50,0.425,0.8067,0.853272
0.5,16384,4,0.7007692999999999,0.29923069999999996,50,0.425,0.8067,0.853272
0.5,65536,4,0.6869231,0.3130769,50,0.425,0.8067,0.853272
0.6,4,4,0.93769218,0.06230782000000001,50,0.51,0.770893,0.778927
0.6,16,4,0.95307692,0.046923080000000006,50,0.51,0.770893,0.778927
0.6,64,4,0.9330769,0.06692310000000001,50,0.51,0.770893,0.778927
0.6,256,4,0.6869231,0.3130769,50,0.51,0.770893,0.778927
0.6,1024,4,0.6653846200000001,0.33461537999999996,50,0.51,0.770893,0.778927
0.6,4096,4,0.6676923400000001,0.33230766,50,0.51,0.770893,0.778927
0.6,16384,4,0.6607693200000001,0.33923068,50,0.51,0.770893,0.778927
0.6,65536,4,0.66615396,0.33384603999999996,50,0.51,0.770893,0.778927
0.7,4,4,0.9592306799999999,0.040769320000000005,50,0.595,0.735998,0.721147
0.7,16,4,0.9776922599999999,0.022307740000000003,50,0.595,0.735998,0.721147
0.7,64,4,0.9546153599999999,0.045384640000000004,50,0.595,0.735998,0.721147
0.7,256,4,0.6807693399999999,0.31923066,50,0.595,0.735998,0.721147
0.7,1024,4,0.633077,0.36692299999999994,50,0.595,0.735998,0.721147
0.7,4096,4,0.62153854,0.37846145999999997,50,0.595,0.735998,0.721147
0.7,16384,4,0.6276923999999999,0.37230759999999996,50,0.595,0.735998,0.721147
0.7,65536,4,0.6238462,0.37615380000000004,50,0.595,0.735998,0.721147
0.8,4,4,0.9507691799999999,0.04923082,50,0.68,0.701998,0.674571
0.8,16,4,0.97307688,0.026923120000000002,50,0.68,0.701998,0.674571
0.8,64,4,0.92538458,0.07461542,50,0.68,0.701998,0.674571
0.8,256,4,0.61769238,0.38230761999999996,50,0.68,0.701998,0.674571
0.8,1024,4,0.5738462200000001,0.4261537800000001,50,0.68,0.701998,0.674571
0.8,4096,4,0.5707692999999999,0.4292307,50,0.68,0.701998,0.674571
0.8,16384,4,0.5676924,0.43230759999999996,50,0.68,0.701998,0.674571
0.8,65536,4,0.57230772,0.42769228,50,0.68,0.701998,0.674571
0.9,4,4,0.94538454,0.054615460000000005,50,0.765,0.668877,0.635992
0.9,16,4,0.9646153600000001,0.03538464,50,0.765,0.668877,0.635992
0.9,64,4,0.9438461800000002,0.05615381999999999,50,0.765,0.668877,0.635992
0.9,256,4,0.5876924,0.4123075999999999,50,0.765,0.668877,0.635992
0.9,1024,4,0.5430769599999999,0.45692304,50,0.765,0.668877,0.635992
0.9,4096,4,0.5400000199999999,0.45999998000000003,50,0.765,0.668877,0.635992
0.9,16384,4,0.53999998,0.46000002,50,0.765,0.668877,0.635992
0.9,65536,4,0.54461538,0.45538462,50,0.765,0.668877,0.635992
1.0,4,4,0.9430768399999999,0.05692316,50,0.85,0.63662,0.603355
1.0,16,4,0.9769230600000001,0.02307694,50,0.85,0.63662,0.603355
1.0,64,4,0.9146154000000002,0.08538459999999999,50,0.85,0.63662,0.603355
1.0,256,4,0.5661539,0.4338461,50,0.85,0.63662,0.603355
1.0,1024,4,0.5223077,0.4776923,50,0.85,0.63662,0.603355
1.0,4096,4,0.52461534,0.47538466,50,0.85,0.63662,0.603355
1.0,16384,4,0.5123076599999999,0.48769234000000006,50,0.85,0.63662,0.603355
1.0,65536,4,0.5299999400000001,0.47000006,50,0.85,0.63662,0.603355
