condition,base_mu_p,rho,char_height_px,matched_mu_p,mean_cer,mean_char_acc,n_eval,qe_total,mtf_nyquist,aperture_f50_cpp,control_blur_rho
coupled_fill_factor,4,0.1,8,0.3999999999999999,0.9339394599999999,0.06606054,50,0.085,0.959381,1.907975,0.1
coupled_fill_factor,4,0.2,8,0.7999999999999998,0.92666674,0.07333326000000001,50,0.17,0.919759,1.349142,0.2
coupled_fill_factor,4,0.3,8,1.2000000000000002,0.91939402,0.08060598,50,0.255,0.881116,1.10157,0.3
coupled_fill_factor,4,0.4,8,1.5999999999999996,0.9109091799999999,0.08909082,50,0.34,0.843436,0.953987,0.4
coupled_fill_factor,4,0.5,8,2.0,0.9096970599999998,0.09030294,50,0.425,0.8067,0.853272,0.5
coupled_fill_factor,4,0.6,8,2.4000000000000004,0.90484858,0.09515142000000001,50,0.51,0.770893,0.778927,0.6
coupled_fill_factor,4,0.7,8,2.8000000000000007,0.9096970599999998,0.09030294000000001,50,0.595,0.735998,0.721147,0.7
coupled_fill_factor,4,0.8,8,3.1999999999999993,0.8781819399999999,0.12181806000000002,50,0.68,0.701998,0.674571,0.8
coupled_fill_factor,4,0.9,8,3.6,0.88727284,0.11272715999999999,50,0.765,0.668877,0.635992,0.9
coupled_fill_factor,4,1.0,8,4.0,0.8866667799999999,0.11333321999999998,50,0.85,0.63662,0.603355,1.0
coupled_fill_factor,5,0.1,8,0.5,0.9327273400000001,0.06727266,50,0.085,0.959381,1.907975,0.1
coupled_fill_factor,5,0.2,8,1.0,0.90484858,0.09515142000000001,50,0.17,0.919759,1.349142,0.2
coupled_fill_factor,5,0.3,8,1.5,0.9115152399999998,0.08848476,50,0.255,0.881116,1.10157,0.3
coupled_fill_factor,5,0.4,8,2.0,0.91090918,0.08909082000000001,50,0.34,0.843436,0.953987,0.4
coupled_fill_factor,5,0.5,8,2.5,0.90242434,0.09757566000000001,50,0.425,0.8067,0.853272,0.5
coupled_fill_factor,5,0.6,8,3.0,0.8993940400000001,0.10060596000000001,50,0.51,0.770893,0.778927,0.6
coupled_fill_factor,5,0.7,8,3.5,0.86424256,0.13575744,50,0.595,0.735998,0.721147,0.7
coupled_fill_factor,5,0.8,8,4.0,0.87333346,0.12666654000000002,50,0.68,0.701998,0.674571,0.8
coupled_fill_factor,5,0.9,8,4.5,0.8490910599999999,0.15090894,50,0.765,0.668877,0.635992,0.9
coupled_fill_factor,5,1.0,8,5.0,0.8321213799999999,0.16787862000000003,50,0.85,0.63662,0.603355,1.0
coupled_fill_factor,6,0.1,8,0.6000000000000001,0.9351515799999999,0.06484841999999999,50,0.085,0.959381,1.907975,0.1
coupled_fill_factor,6,0.2,8,1.2000000000000002,0.91454554,0.08545446000000002,50,0.17,0.919759,1.349142,0.2
coupled_fill_factor,6,0.3,8,1.8,0.9127273600000001,0.08727264,50,0.255,0.881116,1.10157,0.3
coupled_fill_factor,6,0.4,8,2.4000000000000004,0.8981819200000001,0.10181808,50,0.34,0.843436,0.953987,0.4
coupled_fill_factor,6,0.5,8,3.0,0.88848496,0.11151504,50,0.425,0.8067,0.853272,0.5
coupled_fill_factor,6,0.6,8,3.6,0.8563637799999999,0.14363621999999998,50,0.51,0.770893,0.778927,0.6
coupled_fill_factor,6,0.7,8,4.199999999999999,0.85212136,0.14787863999999998,50,0.595,0.735998,0.721147,0.7
coupled_fill_factor,6,0.8,8,4.800000000000001,0.8242425999999999,0.1757574,50,0.68,0.701998,0.674571,0.8
coupled_fill_factor,6,0.9,8,5.399999999999999,0.7854547599999999,0.21454524,50,0.765,0.668877,0.635992,0.9
coupled_fill_factor,6,1.0,8,6.0,0.77939416,0.22060584,50,0.85,0.63662,0.603355,1.0
coupled_fill_factor,7,0.1,8,0.7000000000000002,0.92848492,0.07151508,50,0.085,0.959381,1.907975,0.1
coupled_fill_factor,7,0.2,8,1.4000000000000004,0.909091,0.09090900000000002,50,0.17,0.919759,1.349142,0.2
coupled_fill_factor,7,0.3,8,2.0999999999999996,0.90363646,0.09636354000000001,50,0.255,0.881116,1.10157,0.3
coupled_fill_factor,7,0.4,8,2.8000000000000007,0.9030304,0.0969696,50,0.34,0.843436,0.953987,0.4
coupled_fill_factor,7,0.5,8,3.5,0.87212134,0.12787866,50,0.425,0.8067,0.853272,0.5
coupled_fill_factor,7,0.6,8,4.199999999999999,0.8503031799999999,0.14969682,50,0.51,0.770893,0.778927,0.6
coupled_fill_factor,7,0.7,8,4.9,0.80727292,0.19272708000000002,50,0.595,0.735998,0.721147,0.7
coupled_fill_factor,7,0.8,8,5.600000000000001,0.7818183999999999,0.21818159999999998,50,0.68,0.701998,0.674571,0.8
coupled_fill_factor,7,0.9,8,6.3,0.7418184399999999,0.25818156000000003,50,0.765,0.668877,0.635992,0.9
coupled_fill_factor,7,1.0,8,7.0,0.7600002399999998,0.23999975999999998,50,0.85,0.63662,0.603355,1.0
coupled_fill_factor,8,0.1,8,0.7999999999999998,0.9236364400000001,0.07636356,50,0.085,0.959381,1.907975,0.1
coupled_fill_factor,8,0.2,8,1.5999999999999996,0.9121213000000001,0.08787870000000002,50,0.17,0.919759,1.349142,0.2
coupled_fill_factor,8,0.3,8,2.4000000000000004,0.9139394800000001,0.08606052,50,0.255,0.881116,1.10157,0.3
coupled_fill_factor,8,0.4,8,3.1999999999999993,0.88727284,0.11272716000000002,50,0.34,0.843436,0.953987,0.4
coupled_fill_factor,8,0.5,8,4.0,0.83696986,0.16303014000000002,50,0.425,0.8067,0.853272,0.5
coupled_fill_factor,8,0.6,8,4.800000000000001,0.79818202,0.20181798,50,0.51,0.770893,0.778927,0.6
coupled_fill_factor,8,0.7,8,5.600000000000001,0.7472729800000001,0.25272701999999997,50,0.595,0.735998,0.721147,0.7
coupled_fill_factor,8,0.8,8,6.399999999999999,0.7363639,0.26363610000000004,50,0.68,0.701998,0.674571,0.8
coupled_fill_factor,8,0.9,8,7.2,0.73090936,0.26909064,50,0.765,0.668877,0.635992,0.9
coupled_fill_factor,8,1.0,8,8.0,0.71272754,0.28727246,50,0.85,0.63662,0.603355,1.0
coupled_fill_factor,10,0.1,8,1.0,0.9030304,0.0969696,50,0.085,0.959381,1.907975,0.1
coupled_fill_factor,10,0.2,8,2.0,0.9096970599999998,0.09030294000000001,50,0.17,0.919759,1.349142,0.2
coupled_fill_factor,10,0.3,8,3.0,0.88121224,0.11878776,50,0.255,0.881116,1.10157,0.3
coupled_fill_factor,10,0.4,8,4.0,0.8648486200000001,0.13515138000000002,50,0.34,0.843436,0.953987,0.4
coupled_fill_factor,10,0.5,8,5.0,0.79272748,0.20727252,50,0.425,0.8067,0.853272,0.5
coupled_fill_factor,10,0.6,8,6.0,0.74181844,0.25818156,50,0.51,0.770893,0.778927,0.6
coupled_fill_factor,10,0.7,8,7.0,0.67818214,0.32181786,50,0.595,0.735998,0.721147,0.7
coupled_fill_factor,10,0.8,8,8.0,0.6503033600000001,0.34969664,50,0.68,0.701998,0.674571,0.8
coupled_fill_factor,10,0.9,8,9.0,0.6690910999999998,0.3309089,50,0.765,0.668877,0.635992,0.9
coupled_fill_factor,10,1.0,8,10.0,0.71878798,0.28121202000000006,50,0.85,0.63662,0.603355,1.0
coupled_fill_factor,11,0.1,8,1.1,0.9163637200000001,0.08363627999999998,50,0.085,0.959381,1.907975,0.1
coupled_fill_factor,11,0.2,8,2.2,0.9048485799999999,0.09515141999999999,50,0.17,0.919759,1.349142,0.2
coupled_fill_factor,11,0.3,8,3.3000000000000007,0.87515164,0.12484835999999999,50,0.255,0.881116,1.10157,0.3
coupled_fill_factor,11,0.4,8,4.4,0.81393958,0.18606042000000003,50,0.34,0.843436,0.953987,0.4
coupled_fill_factor,11,0.5,8,5.5,0.74666692,0.25333308,50,0.425,0.8067,0.853272,0.5
coupled_fill_factor,11,0.6,8,6.600000000000001,0.69212152,0.30787847999999995,50,0.51,0.770893,0.778927,0.6
coupled_fill_factor,11,0.7,8,7.7,0.7000002199999998,0.29999978,50,0.595,0.735998,0.721147,0.7
coupled_fill_factor,11,0.8,8,8.8,0.6496971599999999,0.35030283999999995,50,0.68,0.701998,0.674571,0.8
coupled_fill_factor,11,0.9,8,9.899999999999999,0.72666678,0.27333322000000004,50,0.765,0.668877,0.635992,0.9
coupled_fill_factor,11,1.0,8,11.0,0.6793938999999999,0.32060610000000006,50,0.85,0.63662,0.603355,1.0
coupled_fill_factor,13,0.1,8,1.3,0.9151516,0.0848484,50,0.085,0.959381,1.907975,0.1
coupled_fill_factor,13,0.2,8,2.6,0.89515162,0.10484838,50,0.17,0.919759,1.349142,0.2
coupled_fill_factor,13,0.3,8,3.9,0.8569698400000001,0.14303016000000002,50,0.255,0.881116,1.10157,0.3
coupled_fill_factor,13,0.4,8,5.2,0.7557578199999999,0.24424218,50,0.34,0.843436,0.953987,0.4
coupled_fill_factor,13,0.5,8,6.5,0.6775760599999999,0.32242393999999996,50,0.425,0.8067,0.853272,0.5
coupled_fill_factor,13,0.6,8,7.8,0.6981821199999999,0.30181788,50,0.51,0.770893,0.778927,0.6
coupled_fill_factor,13,0.7,8,9.100000000000001,0.7381819200000002,0.26181808000000006,50,0.595,0.735998,0.721147,0.7
coupled_fill_factor,13,0.8,8,10.4,0.67636358,0.32363642000000004,50,0.68,0.701998,0.674571,0.8
coupled_fill_factor,13,0.9,8,11.700000000000003,0.6763635600000001,0.32363644,50,0.765,0.668877,0.635992,0.9
coupled_fill_factor,13,1.0,8,13.0,0.6321210800000001,0.36787892,50,0.85,0.63662,0.603355,1.0
coupled_fill_factor,16,0.1,8,1.5999999999999996,0.9230303799999998,0.07696961999999999,50,0.085,0.959381,1.907975,0.1
coupled_fill_factor,16,0.2,8,3.1999999999999993,0.86727286,0.13272714,50,0.17,0.919759,1.349142,0.2
coupled_fill_factor,16,0.3,8,4.800000000000001,0.79212142,0.20787858,50,0.255,0.881116,1.10157,0.3
coupled_fill_factor,16,0.4,8,6.399999999999999,0.71030332,0.28969668,50,0.34,0.843436,0.953987,0.4
coupled_fill_factor,16,0.5,8,8.0,0.6696972,0.33030279999999995,50,0.425,0.8067,0.853272,0.5
coupled_fill_factor,16,0.6,8,9.600000000000001,0.6981818599999999,0.30181814,50,0.51,0.770893,0.778927,0.6
coupled_fill_factor,16,0.7,8,11.200000000000003,0.6945453400000001,0.30545466,50,0.595,0.735998,0.721147,0.7
coupled_fill_factor,16,0.8,8,12.799999999999997,0.67999984,0.32000016000000003,50,0.68,0.701998,0.674571,0.8
coupled_fill_factor,16,0.9,8,14.4,0.6145452,0.3854548,50,0.765,0.668877,0.635992,0.9
coupled_fill_factor,16,1.0,8,16.0,0.63090888,0.36909112,50,0.85,0.63662,0.603355,1.0
coupled_fill_factor,19,0.1,8,1.9000000000000004,0.9000001000000001,0.0999999,50,0.085,0.959381,1.907975,0.1
coupled_fill_factor,19,0.2,8,3.8000000000000007,0.8375759199999999,0.16242408,50,0.17,0.919759,1.349142,0.2
coupled_fill_factor,19,0.3,8,5.7,0.7375760200000001,0.26242398,50,0.255,0.881116,1.10157,0.3
coupled_fill_factor,19,0.4,8,7.600000000000001,0.68181842,0.31818157999999996,50,0.34,0.843436,0.953987,0.4
coupled_fill_factor,19,0.5,8,9.5,0.7339394,0.2660606,50,0.425,0.8067,0.853272,0.5
coupled_fill_factor,19,0.6,8,11.4,0.65333314,0.34666685999999997,50,0.51,0.770893,0.778927,0.6
coupled_fill_factor,19,0.7,8,13.299999999999997,0.6133331000000001,0.3866669,50,0.595,0.735998,0.721147,0.7
coupled_fill_factor,19,0.8,8,15.200000000000003,0.62545432,0.37454568,50,0.68,0.701998,0.674571,0.8
coupled_fill_factor,19,0.9,8,17.1,0.5454543000000001,0.45454569999999994,50,0.765,0.668877,0.635992,0.9
coupled_fill_factor,19,1.0,8,19.0,0.5884846400000001,0.41151536,50,0.85,0.63662,0.603355,1.0
coupled_fill_factor,23,0.1,8,2.3,0.8830304199999999,0.11696957999999999,50,0.085,0.959381,1.907975,0.1
coupled_fill_factor,23,0.2,8,4.6,0.7521214599999999,0.24787853999999998,50,0.17,0.919759,1.349142,0.2
coupled_fill_factor,23,0.3,8,6.899999999999999,0.6921214600000001,0.30787854000000003,50,0.255,0.881116,1.10157,0.3
coupled_fill_factor,23,0.4,8,9.2,0.6503029599999999,0.34969704,50,0.34,0.843436,0.953987,0.4
coupled_fill_factor,23,0.5,8,11.5,0.7115150600000001,0.28848494,50,0.425,0.8067,0.853272,0.5
coupled_fill_factor,23,0.6,8,13.799999999999997,0.6333331200000001,0.3666668799999999,50,0.51,0.770893,0.778927,0.6
coupled_fill_factor,23,0.7,8,16.1,0.62545434,0.37454565999999995,50,0.595,0.735998,0.721147,0.7
coupled_fill_factor,23,0.8,8,18.4,0.6581816400000001,0.34181836,50,0.68,0.701998,0.674571,0.8
coupled_fill_factor,23,0.9,8,20.7,0.5799998000000001,0.4200002,50,0.765,0.668877,0.635992,0.9
coupled_fill_factor,23,1.0,8,23.0,0.5187876600000001,0.48121233999999996,50,0.85,0.63662,0.603355,1.0
coupled_fill_factor,27,0.1,8,2.6999999999999993,0.9000001000000001,0.0999999,50,0.085,0.959381,1.907975,0.1
coupled_fill_factor,27,0.2,8,5.399999999999999,0.7133335999999999,0.2866664,50,0.17,0.919759,1.349142,0.2
coupled_fill_factor,27,0.3,8,8.100000000000001,0.65515162,0.34484838,50,0.255,0.881116,1.10157,0.3
coupled_fill_factor,27,0.4,8,10.799999999999997,0.62545442,0.37454558,50,0.34,0.843436,0.953987,0.4
coupled_fill_factor,27,0.5,8,13.5,0.67636344,0.32363655999999996,50,0.425,0.8067,0.853272,0.5
coupled_fill_factor,27,0.6,8,16.200000000000003,0.6315149600000001,0.36848504,50,0.51,0.770893,0.778927,0.6
coupled_fill_factor,27,0.7,8,18.9,0.70181804,0.29818196,50,0.595,0.735998,0.721147,0.7
coupled_fill_factor,27,0.8,8,21.599999999999994,0.55818162,0.44181838,50,0.68,0.701998,0.674571,0.8
coupled_fill_factor,27,0.9,8,24.3,0.51454524,0.48545476,50,0.765,0.668877,0.635992,0.9
coupled_fill_factor,27,1.0,8,27.0,0.36484824000000005,0.63515176,50,0.85,0.63662,0.603355,1.0
coupled_fill_factor,32,0.1,8,3.1999999999999993,0.87030316,0.12969684,50,0.085,0.959381,1.907975,0.1
coupled_fill_factor,32,0.2,8,6.399999999999999,0.63393968,0.36606032000000005,50,0.17,0.919759,1.349142,0.2
coupled_fill_factor,32,0.3,8,9.600000000000001,0.7036362399999999,0.29636376,50,0.255,0.881116,1.10157,0.3
coupled_fill_factor,32,0.4,8,12.799999999999997,0.67515134,0.32484865999999996,50,0.34,0.843436,0.953987,0.4
coupled_fill_factor,32,0.5,8,16.0,0.5872725,0.4127275,50,0.425,0.8067,0.853272,0.5
coupled_fill_factor,32,0.6,8,19.200000000000003,0.60060588,0.39939411999999996,50,0.51,0.770893,0.778927,0.6
coupled_fill_factor,32,0.7,8,22.400000000000006,0.49636342000000006,0.50363658,50,0.595,0.735998,0.721147,0.7
coupled_fill_factor,32,0.8,8,25.599999999999994,0.3884846,0.6115153999999999,50,0.68,0.701998,0.674571,0.8
coupled_fill_factor,32,0.9,8,28.8,0.31878764,0.68121236,50,0.765,0.668877,0.635992,0.9
coupled_fill_factor,32,1.0,8,32.0,0.2606058,0.7393941999999999,50,0.85,0.63662,0.603355,1.0
coupled_fill_factor,38,0.1,8,3.8000000000000007,0.8375759199999999,0.16242408,50,0.085,0.959381,1.907975,0.1
coupled_fill_factor,38,0.2,8,7.600000000000001,0.6400001799999999,0.35999981999999997,50,0.17,0.919759,1.349142,0.2
coupled_fill_factor,38,0.3,8,11.4,0.62121196,0.37878804000000005,50,0.255,0.881116,1.10157,0.3
coupled_fill_factor,38,0.4,8,15.200000000000003,0.63757558,0.36242442,50,0.34,0.843436,0.953987,0.4
coupled_fill_factor,38,0.5,8,19.0,0.5703028200000001,0.42969718,50,0.425,0.8067,0.853272,0.5
coupled_fill_factor,38,0.6,8,22.8,0.41030278000000003,0.58969722,50,0.51,0.770893,0.778927,0.6
coupled_fill_factor,38,0.7,8,26.599999999999994,0.31212094,0.6878790599999999,50,0.595,0.735998,0.721147,0.7
coupled_fill_factor,38,0.8,8,30.400000000000006,0.25818156000000003,0.74181844,50,0.68,0.701998,0.674571,0.8
coupled_fill_factor,38,0.9,8,34.2,0.2503028,0.7496971999999998,50,0.765,0.668877,0.635992,0.9
coupled_fill_factor,38,1.0,8,38.0,0.22242401999999997,0.7775759799999998,50,0.85,0.63662,0.603355,1.0
coupled_fill_factor,45,0.1,8,4.5,0.7484850999999999,0.25151490000000004,50,0.085,0.959381,1.907975,0.1
coupled_fill_factor,45,0.2,8,9.0,0.6854544,0.3145456,50,0.17,0.919759,1.349142,0.2
coupled_fill_factor,45,0.3,8,13.5,0.6375755399999999,0.36242446,50,0.255,0.881116,1.10157,0.3
coupled_fill_factor,45,0.4,8,18.0,0.6357573999999999,0.3642426,50,0.34,0.843436,0.953987,0.4
coupled_fill_factor,45,0.5,8,22.5,0.47575736,0.52424264,50,0.425,0.8067,0.853272,0.5
coupled_fill_factor,45,0.6,8,27.0,0.27515126,0.7248487400000001,50,0.51,0.770893,0.778927,0.6
coupled_fill_factor,45,0.7,8,31.5,0.24424217999999998,0.7557578199999998,50,0.595,0.735998,0.721147,0.7
coupled_fill_factor,45,0.8,8,36.0,0.22242401999999997,0.7775759799999998,50,0.68,0.701998,0.674571,0.8
coupled_fill_factor,45,0.9,8,40.5,0.22666646000000001,0.77333354,50,0.765,0.668877,0.635992,0.9
coupled_fill_factor,45,1.0,8,45.0,0.20363616,0.7963638399999999,50,0.85,0.63662,0.603355,1.0
coupled_fill_factor,54,0.1,8,5.399999999999999,0.6727275599999999,0.32727244000000005,50,0.085,0.959381,1.907975,0.1
coupled_fill_factor,54,0.2,8,10.799999999999997,0.7236362000000001,0.27636380000000005,50,0.17,0.919759,1.349142,0.2
coupled_fill_factor,54,0.3,8,16.200000000000003,0.5812119,0.4187881,50,0.255,0.881116,1.10157,0.3
coupled_fill_factor,54,0.4,8,21.599999999999994,0.4254543,0.5745456999999999,50,0.34,0.843436,0.953987,0.4
coupled_fill_factor,54,0.5,8,27.0,0.27030276000000003,0.7296972399999998,50,0.425,0.8067,0.853272,0.5
coupled_fill_factor,54,0.6,8,32.400000000000006,0.24363612,0.7563638799999999,50,0.51,0.770893,0.778927,0.6
coupled_fill_factor,54,0.7,8,37.8,0.23151494,0.7684850599999998,50,0.595,0.735998,0.721147,0.7
coupled_fill_factor,54,0.8,8,43.19999999999999,0.2030301,0.7969698999999999,50,0.68,0.701998,0.674571,0.8
coupled_fill_factor,54,0.9,8,48.6,0.17999981999999995,0.82000018,50,0.765,0.668877,0.635992,0.9
coupled_fill_factor,54,1.0,8,54.0,0.17878770000000002,0.8212123000000001,50,0.85,0.63662,0.603355,1.0
coupled_fill_factor,64,0.1,8,6.399999999999999,0.6515154400000001,0.34848456,50,0.085,0.959381,1.907975,0.1
coupled_fill_factor,64,0.2,8,12.799999999999997,0.63757552,0.36242447999999994,50,0.17,0.919759,1.349142,0.2
coupled_fill_factor,64,0.3,8,19.200000000000003,0.5769695000000001,0.4230305,50,0.255,0.881116,1.10157,0.3
coupled_fill_factor,64,0.4,8,25.599999999999994,0.29757548,0.70242452,50,0.34,0.843436,0.953987,0.4
coupled_fill_factor,64,0.5,8,32.0,0.23878763999999997,0.7612123599999999,50,0.425,0.8067,0.853272,0.5
coupled_fill_factor,64,0.6,8,38.400000000000006,0.21939372,0.7806062799999998,50,0.51,0.770893,0.778927,0.6
coupled_fill_factor,64,0.7,8,44.80000000000001,0.19151496,0.8084850399999999,50,0.595,0.735998,0.721147,0.7
coupled_fill_factor,64,0.8,8,51.19999999999999,0.18363618000000004,0.8163638199999999,50,0.68,0.701998,0.674571,0.8
coupled_fill_factor,64,0.9,8,57.6,0.17333316000000004,0.8266668399999999,50,0.765,0.668877,0.635992,0.9
coupled_fill_factor,64,1.0,8,64.0,0.15272712000000002,0.8472728800000001,50,0.85,0.63662,0.603355,1.0
coupled_fill_factor,76,0.1,8,7.600000000000001,0.67090918,0.32909082,50,0.085,0.959381,1.907975,0.1
coupled_fill_factor,76,0.2,8,15.200000000000003,0.64848466,0.35151534000000006,50,0.17,0.919759,1.349142,0.2
coupled_fill_factor,76,0.3,8,22.8,0.35696944,0.64303056,50,0.255,0.881116,1.10157,0.3
coupled_fill_factor,76,0.4,8,30.400000000000006,0.24666641999999997,0.75333358,50,0.34,0.843436,0.953987,0.4
coupled_fill_factor,76,0.5,8,38.0,0.19818162,0.8018183799999998,50,0.425,0.8067,0.853272,0.5
coupled_fill_factor,76,0.6,8,45.6,0.18606042000000003,0.8139395799999999,50,0.51,0.770893,0.778927,0.6
coupled_fill_factor,76,0.7,8,53.19999999999999,0.18909072000000002,0.81090928,50,0.595,0.735998,0.721147,0.7
coupled_fill_factor,76,0.8,8,60.80000000000001,0.16181802,0.83818198,50,0.68,0.701998,0.674571,0.8
coupled_fill_factor,76,0.9,8,68.4,0.15090894,0.8490910599999999,50,0.765,0.668877,0.635992,0.9
coupled_fill_factor,76,1.0,8,76.0,0.16484832000000002,0.8351516800000001,50,0.85,0.63662,0.603355,1.0
coupled_fill_factor,91,0.1,8,9.100000000000001,0.67696966,0.32303034,50,0.085,0.959381,1.907975,0.1
coupled_fill_factor,91,0.2,8,18.200000000000003,0.6078786,0.39212140000000006,50,0.17,0.919759,1.349142,0.2
coupled_fill_factor,91,0.3,8,27.3,0.27151488,0.7284851199999999,50,0.255,0.881116,1.10157,0.3
coupled_fill_factor,91,0.4,8,36.400000000000006,0.21575735999999998,0.78424264,50,0.34,0.843436,0.953987,0.4
coupled_fill_factor,91,0.5,8,45.5,0.17818164000000003,0.8218183600000001,50,0.425,0.8067,0.853272,0.5
coupled_fill_factor,91,0.6,8,54.6,0.16727256000000001,0.83272744,50,0.51,0.770893,0.778927,0.6
coupled_fill_factor,91,0.7,8,63.69999999999999,0.17212104000000003,0.8278789599999999,50,0.595,0.735998,0.721147,0.7
coupled_fill_factor,91,0.8,8,72.80000000000001,0.16121196000000002,0.8387880400000001,50,0.68,0.701998,0.674571,0.8
coupled_fill_factor,91,0.9,8,81.9,0.16181802,0.83818198,50,0.765,0.668877,0.635992,0.9
coupled_fill_factor,91,1.0,8,91.0,0.16121196000000002,0.8387880400000001,50,0.85,0.63662,0.603355,1.0
coupled_fill_factor,108,0.1,8,10.799999999999997,0.62909072,0.37090928,50,0.085,0.959381,1.907975,0.1
coupled_fill_factor,108,0.2,8,21.599999999999994,0.41090886000000004,0.58909114,50,0.17,0.919759,1.349142,0.2
coupled_fill_factor,108,0.3,8,32.400000000000006,0.22909068,0.7709093199999998,50,0.255,0.881116,1.10157,0.3
coupled_fill_factor,108,0.4,8,43.19999999999999,0.19757556,0.8024244399999998,50,0.34,0.843436,0.953987,0.4
coupled_fill_factor,108,0.5,8,54.0,0.16545438,0.83454562,50,0.425,0.8067,0.853272,0.5
coupled_fill_factor,108,0.6,8,64.80000000000001,0.14666652,0.85333348,50,0.51,0.770893,0.778927,0.6
coupled_fill_factor,108,0.7,8,75.6,0.16787862,0.8321213799999999,50,0.595,0.735998,0.721147,0.7
coupled_fill_factor,108,0.8,8,86.39999999999998,0.16060590000000002,0.8393940999999999,50,0.68,0.701998,0.674571,0.8
coupled_fill_factor,108,0.9,8,97.2,0.16545438,0.83454562,50,0.765,0.668877,0.635992,0.9
coupled_fill_factor,108,1.0,8,108.0,0.17212104000000003,0.8278789599999999,50,0.85,0.63662,0.603355,1.0
coupled_fill_factor,128,0.1,8,12.799999999999997,0.68424222,0.31575778,50,0.085,0.959381,1.907975,0.1
coupled_fill_factor,128,0.2,8,25.599999999999994,0.30181792,0.69818208,50,0.17,0.919759,1.349142,0.2
coupled_fill_factor,128,0.3,8,38.400000000000006,0.20666646,0.7933335399999999,50,0.255,0.881116,1.10157,0.3
coupled_fill_factor,128,0.4,8,51.19999999999999,0.17333316000000004,0.8266668399999999,50,0.34,0.843436,0.953987,0.4
coupled_fill_factor,128,0.5,8,64.0,0.1575756,0.8424243999999999,50,0.425,0.8067,0.853272,0.5
coupled_fill_factor,128,0.6,8,76.80000000000001,0.16242408,0.83757592,50,0.51,0.770893,0.778927,0.6
coupled_fill_factor,128,0.7,8,89.60000000000002,0.16727256000000001,0.83272744,50,0.595,0.735998,0.721147,0.7
coupled_fill_factor,128,0.8,8,102.39999999999998,0.1575756,0.8424244000000001,50,0.68,0.701998,0.674571,0.8
coupled_fill_factor,128,0.9,8,115.2,0.15878772,0.8412122799999999,50,0.765,0.668877,0.635992,0.9
coupled_fill_factor,128,1.0,8,128.0,0.16060590000000002,0.8393941000000001,50,0.85,0.63662,0.603355,1.0
coupled_fill_factor,152,0.1,8,15.200000000000003,0.6169695000000001,0.3830305,50,0.085,0.959381,1.907975,0.1
coupled_fill_factor,152,0.2,8,30.400000000000006,0.25636338,0.7436366199999999,50,0.17,0.919759,1.349142,0.2
coupled_fill_factor,152,0.3,8,45.6,0.20121192000000002,0.7987880799999999,50,0.255,0.881116,1.10157,0.3
coupled_fill_factor,152,0.4,8,60.80000000000001,0.16545438,0.83454562,50,0.34,0.843436,0.953987,0.4
coupled_fill_factor,152,0.5,8,76.0,0.16303014000000002,0.8369698600000001,50,0.425,0.8067,0.853272,0.5
coupled_fill_factor,152,0.6,8,91.2,0.17090892000000005,0.8290910799999998,50,0.51,0.770893,0.778927,0.6
coupled_fill_factor,152,0.7,8,106.39999999999998,0.15999984,0.84000016,50,0.595,0.735998,0.721147,0.7
coupled_fill_factor,152,0.8,8,121.60000000000002,0.15939378,0.84060622,50,0.68,0.701998,0.674571,0.8
coupled_fill_factor,152,0.9,8,136.8,0.14909076000000002,0.85090924,50,0.765,0.668877,0.635992,0.9
coupled_fill_factor,152,1.0,8,152.0,0.14060592,0.85939408,50,0.85,0.63662,0.603355,1.0
coupled_fill_factor,181,0.1,8,18.1,0.58363616,0.41636384,50,0.085,0.959381,1.907975,0.1
coupled_fill_factor,181,0.2,8,36.2,0.21818159999999998,0.7818183999999998,50,0.17,0.919759,1.349142,0.2
coupled_fill_factor,181,0.3,8,54.30000000000001,0.18060588000000002,0.81939412,50,0.255,0.881116,1.10157,0.3
coupled_fill_factor,181,0.4,8,72.4,0.19272708000000002,0.80727292,50,0.34,0.843436,0.953987,0.4
coupled_fill_factor,181,0.5,8,90.5,0.17333316,0.8266668399999998,50,0.425,0.8067,0.853272,0.5
coupled_fill_factor,181,0.6,8,108.60000000000002,0.17030286000000003,0.8296971399999999,50,0.51,0.770893,0.778927,0.6
coupled_fill_factor,181,0.7,8,126.7,0.16727256000000001,0.8327274399999999,50,0.595,0.735998,0.721147,0.7
coupled_fill_factor,181,0.8,8,144.8,0.15515136,0.84484864,50,0.68,0.701998,0.674571,0.8
coupled_fill_factor,181,0.9,8,162.89999999999998,0.15393923999999998,0.8460607599999999,50,0.765,0.668877,0.635992,0.9
coupled_fill_factor,181,1.0,8,181.0,0.13999986,0.86000014,50,0.85,0.63662,0.603355,1.0
coupled_fill_factor,215,0.1,8,21.5,0.41333308,0.58666692,50,0.085,0.959381,1.907975,0.1
coupled_fill_factor,215,0.2,8,43.0,0.20363616,0.79636384,50,0.17,0.919759,1.349142,0.2
coupled_fill_factor,215,0.3,8,64.5,0.17939376000000004,0.8206062399999999,50,0.255,0.881116,1.10157,0.3
coupled_fill_factor,215,0.4,8,86.0,0.1727271,0.8272729,50,0.34,0.843436,0.953987,0.4
coupled_fill_factor,215,0.5,8,107.5,0.1696968,0.8303031999999998,50,0.425,0.8067,0.853272,0.5
coupled_fill_factor,215,0.6,8,129.0,0.15272712,0.8472728799999999,50,0.51,0.770893,0.778927,0.6
coupled_fill_factor,215,0.7,8,150.5,0.1484847,0.8515153,50,0.595,0.735998,0.721147,0.7
coupled_fill_factor,215,0.8,8,172.0,0.15333318,0.8466668199999999,50,0.68,0.701998,0.674571,0.8
coupled_fill_factor,215,0.9,8,193.5,0.1363635,0.8636365,50,0.765,0.668877,0.635992,0.9
coupled_fill_factor,215,1.0,8,215.0,0.13333319999999999,0.8666668,50,0.85,0.63662,0.603355,1.0
coupled_fill_factor,256,0.1,8,25.599999999999994,0.26484822,0.7351517799999999,50,0.085,0.959381,1.907975,0.1
coupled_fill_factor,256,0.2,8,51.19999999999999,0.1848483,0.8151516999999999,50,0.17,0.919759,1.349142,0.2
coupled_fill_factor,256,0.3,8,76.80000000000001,0.17393922000000003,0.8260607799999999,50,0.255,0.881116,1.10157,0.3
coupled_fill_factor,256,0.4,8,102.39999999999998,0.16909074000000002,0.83090926,50,0.34,0.843436,0.953987,0.4
coupled_fill_factor,256,0.5,8,128.0,0.15999984,0.8400001599999999,50,0.425,0.8067,0.853272,0.5
coupled_fill_factor,256,0.6,8,153.60000000000002,0.15393924,0.84606076,50,0.51,0.770893,0.778927,0.6
coupled_fill_factor,256,0.7,8,179.20000000000005,0.14787863999999998,0.8521213599999998,50,0.595,0.735998,0.721147,0.7
coupled_fill_factor,256,0.8,8,204.79999999999995,0.12606048,0.8739395199999999,50,0.68,0.701998,0.674571,0.8
coupled_fill_factor,256,0.9,8,230.4,0.13151502,0.8684849800000001,50,0.765,0.668877,0.635992,0.9
coupled_fill_factor,256,1.0,8,256.0,0.12787866,0.87212134,50,0.85,0.63662,0.603355,1.0
snr_only_matched,4,0.1,8,0.3999999999999999,0.9309091600000001,0.06909084,50,0.85,0.63662,0.603355,1.0
snr_only_matched,4,0.2,8,0.7999999999999998,0.9200000799999999,0.07999992,50,0.85,0.63662,0.603355,1.0
snr_only_matched,4,0.3,8,1.2000000000000002,0.9133334200000001,0.08666658,50,0.85,0.63662,0.603355,1.0
snr_only_matched,4,0.4,8,1.5999999999999996,0.92242432,0.07757568,50,0.85,0.63662,0.603355,1.0
snr_only_matched,4,0.5,8,2.0,0.9066667599999999,0.09333324000000001,50,0.85,0.63662,0.603355,1.0
snr_only_matched,4,0.6,8,2.4000000000000004,0.9006061599999999,0.09939384000000001,50,0.85,0.63662,0.603355,1.0
snr_only_matched,4,0.7,8,2.8000000000000007,0.89151526,0.10848474,50,0.85,0.63662,0.603355,1.0
snr_only_matched,4,0.8,8,3.1999999999999993,0.89515162,0.10484838,50,0.85,0.63662,0.603355,1.0
snr_only_matched,4,0.9,8,3.6,0.87393952,0.12606048,50,0.85,0.63662,0.603355,1.0
snr_only_matched,4,1.0,8,4.0,0.86303044,0.13696956,50,0.85,0.63662,0.603355,1.0
snr_only_matched,5,0.1,8,0.5,0.92181826,0.07818173999999999,50,0.85,0.63662,0.603355,1.0
snr_only_matched,5,0.2,8,1.0,0.9248485599999999,0.07515144,50,0.85,0.63662,0.603355,1.0
snr_only_matched,5,0.3,8,1.5,0.9060607,0.0939393,50,0.85,0.63662,0.603355,1.0
snr_only_matched,5,0.4,8,2.0,0.91090918,0.08909082,50,0.85,0.63662,0.603355,1.0
snr_only_matched,5,0.5,8,2.5,0.8878789,0.11212109999999999,50,0.85,0.63662,0.603355,1.0
snr_only_matched,5,0.6,8,3.0,0.89151526,0.10848474,50,0.85,0.63662,0.603355,1.0
snr_only_matched,5,0.7,8,3.5,0.878788,0.12121200000000001,50,0.85,0.63662,0.603355,1.0
snr_only_matched,5,0.8,8,4.0,0.86787892,0.13212108,50,0.85,0.63662,0.603355,1.0
snr_only_matched,5,0.9,8,4.5,0.85696984,0.14303016,50,0.85,0.63662,0.603355,1.0
snr_only_matched,5,1.0,8,5.0,0.8303032,0.16969680000000004,50,0.85,0.63662,0.603355,1.0
snr_only_matched,6,0.1,8,0.6000000000000001,0.9212122,0.0787878,50,0.85,0.63662,0.603355,1.0
snr_only_matched,6,0.2,8,1.2000000000000002,0.91151524,0.08848476,50,0.85,0.63662,0.603355,1.0
snr_only_matched,6,0.3,8,1.8,0.90363646,0.09636354000000001,50,0.85,0.63662,0.603355,1.0
snr_only_matched,6,0.4,8,2.4000000000000004,0.90727282,0.09272718,50,0.85,0.63662,0.603355,1.0
snr_only_matched,6,0.5,8,3.0,0.90121222,0.09878778,50,0.85,0.63662,0.603355,1.0
snr_only_matched,6,0.6,8,3.6,0.88424254,0.11575746,50,0.85,0.63662,0.603355,1.0
snr_only_matched,6,0.7,8,4.199999999999999,0.8551516600000001,0.14484834,50,0.85,0.63662,0.603355,1.0
snr_only_matched,6,0.8,8,4.800000000000001,0.84666682,0.15333317999999999,50,0.85,0.63662,0.603355,1.0
snr_only_matched,6,0.9,8,5.399999999999999,0.8345456200000001,0.16545438,50,0.85,0.63662,0.603355,1.0
snr_only_matched,6,1.0,8,6.0,0.78848506,0.21151493999999998,50,0.85,0.63662,0.603355,1.0
snr_only_matched,7,0.1,8,0.7000000000000002,0.92484856,0.07515144000000001,50,0.85,0.63662,0.603355,1.0
snr_only_matched,7,0.2,8,1.4000000000000004,0.91272736,0.08727264,50,0.85,0.63662,0.603355,1.0
snr_only_matched,7,0.3,8,2.0999999999999996,0.90727282,0.09272718,50,0.85,0.63662,0.603355,1.0
snr_only_matched,7,0.4,8,2.8000000000000007,0.9060606999999998,0.0939393,50,0.85,0.63662,0.603355,1.0
snr_only_matched,7,0.5,8,3.5,0.89212132,0.10787867999999999,50,0.85,0.63662,0.603355,1.0
snr_only_matched,7,0.6,8,4.199999999999999,0.8660607399999999,0.13393926,50,0.85,0.63662,0.603355,1.0
snr_only_matched,7,0.7,8,4.9,0.86121226,0.13878774,50,0.85,0.63662,0.603355,1.0
snr_only_matched,7,0.8,8,5.600000000000001,0.7975759599999998,0.20242404,50,0.85,0.63662,0.603355,1.0
snr_only_matched,7,0.9,8,6.3,0.7878789999999999,0.212121,50,0.85,0.63662,0.603355,1.0
snr_only_matched,7,1.0,8,7.0,0.7606062999999998,0.23939369999999996,50,0.85,0.63662,0.603355,1.0
snr_only_matched,8,0.1,8,0.7999999999999998,0.9303030999999998,0.0696969,50,0.85,0.63662,0.603355,1.0
snr_only_matched,8,0.2,8,1.5999999999999996,0.9096970600000001,0.09030294,50,0.85,0.63662,0.603355,1.0
snr_only_matched,8,0.3,8,2.4000000000000004,0.89878798,0.10121202,50,0.85,0.63662,0.603355,1.0
snr_only_matched,8,0.4,8,3.1999999999999993,0.8927273800000001,0.10727262,50,0.85,0.63662,0.603355,1.0
snr_only_matched,8,0.5,8,4.0,0.8800001199999999,0.11999988000000002,50,0.85,0.63662,0.603355,1.0
snr_only_matched,8,0.6,8,4.800000000000001,0.8393940999999999,0.16060590000000002,50,0.85,0.63662,0.603355,1.0
snr_only_matched,8,0.7,8,5.600000000000001,0.7848486999999998,0.2151513,50,0.85,0.63662,0.603355,1.0
snr_only_matched,8,0.8,8,6.399999999999999,0.7757577999999999,0.22424219999999997,50,0.85,0.63662,0.603355,1.0
snr_only_matched,8,0.9,8,7.2,0.7278790199999999,0.27212098,50,0.85,0.63662,0.603355,1.0
snr_only_matched,8,1.0,8,8.0,0.6963639199999999,0.30363608000000003,50,0.85,0.63662,0.603355,1.0
snr_only_matched,10,0.1,8,1.0,0.9224243200000001,0.07757568000000001,50,0.85,0.63662,0.603355,1.0
snr_only_matched,10,0.2,8,2.0,0.9060606999999998,0.09393929999999999,50,0.85,0.63662,0.603355,1.0
snr_only_matched,10,0.3,8,3.0,0.89575768,0.10424232,50,0.85,0.63662,0.603355,1.0
snr_only_matched,10,0.4,8,4.0,0.87212134,0.12787866,50,0.85,0.63662,0.603355,1.0
snr_only_matched,10,0.5,8,5.0,0.8351516799999998,0.16484832000000002,50,0.85,0.63662,0.603355,1.0
snr_only_matched,10,0.6,8,6.0,0.7933335399999999,0.20666646,50,0.85,0.63662,0.603355,1.0
snr_only_matched,10,0.7,8,7.0,0.7581820599999999,0.24181794,50,0.85,0.63662,0.603355,1.0
snr_only_matched,10,0.8,8,8.0,0.7254548,0.27454520000000004,50,0.85,0.63662,0.603355,1.0
snr_only_matched,10,0.9,8,9.0,0.7230304799999999,0.27696951999999997,50,0.85,0.63662,0.603355,1.0
snr_only_matched,10,1.0,8,10.0,0.67939406,0.32060594000000003,50,0.85,0.63662,0.603355,1.0
snr_only_matched,11,0.1,8,1.1,0.909091,0.09090899999999999,50,0.85,0.63662,0.603355,1.0
snr_only_matched,11,0.2,8,2.2,0.9000001000000001,0.0999999,50,0.85,0.63662,0.603355,1.0
snr_only_matched,11,0.3,8,3.3000000000000007,0.8896970799999998,0.11030292,50,0.85,0.63662,0.603355,1.0
snr_only_matched,11,0.4,8,4.4,0.8624243800000001,0.13757562,50,0.85,0.63662,0.603355,1.0
snr_only_matched,11,0.5,8,5.5,0.7896971799999999,0.21030282,50,0.85,0.63662,0.603355,1.0
snr_only_matched,11,0.6,8,6.600000000000001,0.7236366399999998,0.27636336,50,0.85,0.63662,0.603355,1.0
snr_only_matched,11,0.7,8,7.7,0.7084851400000001,0.29151486000000004,50,0.85,0.63662,0.603355,1.0
snr_only_matched,11,0.8,8,8.8,0.7242426399999998,0.27575736,50,0.85,0.63662,0.603355,1.0
snr_only_matched,11,0.9,8,9.899999999999999,0.70181832,0.29818168,50,0.85,0.63662,0.603355,1.0
snr_only_matched,11,1.0,8,11.0,0.70242422,0.29757578,50,0.85,0.63662,0.603355,1.0
snr_only_matched,13,0.1,8,1.3,0.92060614,0.07939385999999998,50,0.85,0.63662,0.603355,1.0
snr_only_matched,13,0.2,8,2.6,0.89757586,0.10242414,50,0.85,0.63662,0.603355,1.0
snr_only_matched,13,0.3,8,3.9,0.8624243800000001,0.13757562,50,0.85,0.63662,0.603355,1.0
snr_only_matched,13,0.4,8,5.2,0.8157577599999999,0.18424224000000003,50,0.85,0.63662,0.603355,1.0
snr_only_matched,13,0.5,8,6.5,0.7315154199999999,0.26848458000000003,50,0.85,0.63662,0.603355,1.0
snr_only_matched,13,0.6,8,7.8,0.7260608799999999,0.27393912,50,0.85,0.63662,0.603355,1.0
snr_only_matched,13,0.7,8,9.100000000000001,0.70181842,0.29818158,50,0.85,0.63662,0.603355,1.0
snr_only_matched,13,0.8,8,10.4,0.7363637199999999,0.26363628,50,0.85,0.63662,0.603355,1.0
snr_only_matched,13,0.9,8,11.700000000000003,0.6963635799999999,0.30363641999999996,50,0.85,0.63662,0.603355,1.0
snr_only_matched,13,1.0,8,13.0,0.65454528,0.34545472000000005,50,0.85,0.63662,0.603355,1.0
snr_only_matched,16,0.1,8,1.5999999999999996,0.91090918,0.08909082000000001,50,0.85,0.63662,0.603355,1.0
snr_only_matched,16,0.2,8,3.1999999999999993,0.8890910200000001,0.11090898,50,0.85,0.63662,0.603355,1.0
snr_only_matched,16,0.3,8,4.800000000000001,0.8418183400000001,0.15818166,50,0.85,0.63662,0.603355,1.0
snr_only_matched,16,0.4,8,6.399999999999999,0.7878789999999999,0.212121,50,0.85,0.63662,0.603355,1.0
snr_only_matched,16,0.5,8,8.0,0.7121215,0.2878785,50,0.85,0.63662,0.603355,1.0
snr_only_matched,16,0.6,8,9.600000000000001,0.7012123000000001,0.29878770000000004,50,0.85,0.63662,0.603355,1.0
snr_only_matched,16,0.7,8,11.200000000000003,0.67333326,0.32666674,50,0.85,0.63662,0.603355,1.0
snr_only_matched,16,0.8,8,12.799999999999997,0.6230300999999999,0.37696989999999997,50,0.85,0.63662,0.603355,1.0
snr_only_matched,16,0.9,8,14.4,0.6999998599999999,0.30000014,50,0.85,0.63662,0.603355,1.0
snr_only_matched,16,1.0,8,16.0,0.64787858,0.3521214199999999,50,0.85,0.63662,0.603355,1.0
snr_only_matched,19,0.1,8,1.9000000000000004,0.9133334200000001,0.08666658000000002,50,0.85,0.63662,0.603355,1.0
snr_only_matched,19,0.2,8,3.8000000000000007,0.88060618,0.11939382000000003,50,0.85,0.63662,0.603355,1.0
snr_only_matched,19,0.3,8,5.7,0.7812123399999998,0.21878766,50,0.85,0.63662,0.603355,1.0
snr_only_matched,19,0.4,8,7.600000000000001,0.72727298,0.27272702000000004,50,0.85,0.63662,0.603355,1.0
snr_only_matched,19,0.5,8,9.5,0.6763637800000001,0.32363622,50,0.85,0.63662,0.603355,1.0
snr_only_matched,19,0.6,8,11.4,0.6290908599999999,0.37090914,50,0.85,0.63662,0.603355,1.0
snr_only_matched,19,0.7,8,13.299999999999997,0.64060588,0.35939412,50,0.85,0.63662,0.603355,1.0
snr_only_matched,19,0.8,8,15.200000000000003,0.6351513,0.3648487,50,0.85,0.63662,0.603355,1.0
snr_only_matched,19,0.9,8,17.1,0.63696948,0.36303052,50,0.85,0.63662,0.603355,1.0
snr_only_matched,19,1.0,8,19.0,0.63515132,0.36484868,50,0.85,0.63662,0.603355,1.0
snr_only_matched,23,0.1,8,2.3,0.9078788799999999,0.09212112000000001,50,0.85,0.63662,0.603355,1.0
snr_only_matched,23,0.2,8,4.6,0.8442425800000001,0.15575742,50,0.85,0.63662,0.603355,1.0
snr_only_matched,23,0.3,8,6.899999999999999,0.7454547999999999,0.25454519999999997,50,0.85,0.63662,0.603355,1.0
snr_only_matched,23,0.4,8,9.2,0.7218183999999997,0.27818160000000003,50,0.85,0.63662,0.603355,1.0
snr_only_matched,23,0.5,8,11.5,0.66606046,0.33393954000000003,50,0.85,0.63662,0.603355,1.0
snr_only_matched,23,0.6,8,13.799999999999997,0.7006058999999999,0.2993941,50,0.85,0.63662,0.603355,1.0
snr_only_matched,23,0.7,8,16.1,0.62181794,0.37818206,50,0.85,0.63662,0.603355,1.0
snr_only_matched,23,0.8,8,18.4,0.55696946,0.44303054,50,0.85,0.63662,0.603355,1.0
snr_only_matched,23,0.9,8,20.7,0.65393924,0.34606076,50,0.85,0.63662,0.603355,1.0
snr_only_matched,23,1.0,8,23.0,0.46424218000000006,0.5357578199999999,50,0.85,0.63662,0.603355,1.0
snr_only_matched,27,0.1,8,2.6999999999999993,0.90424252,0.09575748,50,0.85,0.63662,0.603355,1.0
snr_only_matched,27,0.2,8,5.399999999999999,0.80969716,0.19030284000000003,50,0.85,0.63662,0.603355,1.0
snr_only_matched,27,0.3,8,8.100000000000001,0.70242454,0.29757546,50,0.85,0.63662,0.603355,1.0
snr_only_matched,27,0.4,8,10.799999999999997,0.6830302800000001,0.31696972,50,0.85,0.63662,0.603355,1.0
snr_only_matched,27,0.5,8,13.5,0.7042423199999999,0.29575768,50,0.85,0.63662,0.603355,1.0
snr_only_matched,27,0.6,8,16.200000000000003,0.6175755199999999,0.38242447999999996,50,0.85,0.63662,0.603355,1.0
snr_only_matched,27,0.7,8,18.9,0.68242408,0.31757592,50,0.85,0.63662,0.603355,1.0
snr_only_matched,27,0.8,8,21.599999999999994,0.56363616,0.43636384000000006,50,0.85,0.63662,0.603355,1.0
snr_only_matched,27,0.9,8,24.3,0.51757554,0.48242446,50,0.85,0.63662,0.603355,1.0
snr_only_matched,27,1.0,8,27.0,0.36727248,0.63272752,50,0.85,0.63662,0.603355,1.0
snr_only_matched,32,0.1,8,3.1999999999999993,0.9030304000000001,0.0969696,50,0.85,0.63662,0.603355,1.0
snr_only_matched,32,0.2,8,6.399999999999999,0.7672729599999998,0.23272703999999997,50,0.85,0.63662,0.603355,1.0
snr_only_matched,32,0.3,8,9.600000000000001,0.68969716,0.31030284,50,0.85,0.63662,0.603355,1.0
snr_only_matched,32,0.4,8,12.799999999999997,0.7133332600000002,0.28666674000000003,50,0.85,0.63662,0.603355,1.0
snr_only_matched,32,0.5,8,16.0,0.5739391399999999,0.42606086,50,0.85,0.63662,0.603355,1.0
snr_only_matched,32,0.6,8,19.200000000000003,0.5266664200000001,0.47333358,50,0.85,0.63662,0.603355,1.0
snr_only_matched,32,0.7,8,22.400000000000006,0.5715149600000001,0.42848504000000004,50,0.85,0.63662,0.603355,1.0
snr_only_matched,32,0.8,8,25.599999999999994,0.45333310000000004,0.5466669,50,0.85,0.63662,0.603355,1.0
snr_only_matched,32,0.9,8,28.8,0.3951513,0.6048486999999999,50,0.85,0.63662,0.603355,1.0
snr_only_matched,32,1.0,8,32.0,0.27030276000000003,0.7296972399999998,50,0.85,0.63662,0.603355,1.0
snr_only_matched,38,0.1,8,3.8000000000000007,0.8854546600000001,0.11454534,50,0.85,0.63662,0.603355,1.0
snr_only_matched,38,0.2,8,7.600000000000001,0.7121215,0.2878785,50,0.85,0.63662,0.603355,1.0
snr_only_matched,38,0.3,8,11.4,0.65272728,0.34727272,50,0.85,0.63662,0.603355,1.0
snr_only_matched,38,0.4,8,15.200000000000003,0.71757558,0.28242441999999995,50,0.85,0.63662,0.603355,1.0
snr_only_matched,38,0.5,8,19.0,0.6430301200000001,0.3569698800000001,50,0.85,0.63662,0.603355,1.0
snr_only_matched,38,0.6,8,22.8,0.54969676,0.45030324,50,0.85,0.63662,0.603355,1.0
snr_only_matched,38,0.7,8,26.599999999999994,0.39878764000000005,0.60121236,50,0.85,0.63662,0.603355,1.0
snr_only_matched,38,0.8,8,30.400000000000006,0.27393913999999997,0.7260608599999998,50,0.85,0.63662,0.603355,1.0
snr_only_matched,38,0.9,8,34.2,0.25090884,0.74909116,50,0.85,0.63662,0.603355,1.0
snr_only_matched,38,1.0,8,38.0,0.24181793999999995,0.7581820599999999,50,0.85,0.63662,0.603355,1.0
snr_only_matched,45,0.1,8,4.5,0.8472728799999999,0.15272712000000002,50,0.85,0.63662,0.603355,1.0
snr_only_matched,45,0.2,8,9.0,0.6963638799999998,0.30363612,50,0.85,0.63662,0.603355,1.0
snr_only_matched,45,0.3,8,13.5,0.61393914,0.38606085999999995,50,0.85,0.63662,0.603355,1.0
snr_only_matched,45,0.4,8,18.0,0.56484824,0.43515175999999994,50,0.85,0.63662,0.603355,1.0
snr_only_matched,45,0.5,8,22.5,0.5545452399999999,0.44545476,50,0.85,0.63662,0.603355,1.0
snr_only_matched,45,0.6,8,27.0,0.39333308,0.60666692,50,0.85,0.63662,0.603355,1.0
snr_only_matched,45,0.7,8,31.5,0.26727246,0.73272754,50,0.85,0.63662,0.603355,1.0
snr_only_matched,45,0.8,8,36.0,0.242424,0.7575759999999998,50,0.85,0.63662,0.603355,1.0
snr_only_matched,45,0.9,8,40.5,0.2030301,0.7969698999999997,50,0.85,0.63662,0.603355,1.0
snr_only_matched,45,1.0,8,45.0,0.19575738,0.80424262,50,0.85,0.63662,0.603355,1.0
snr_only_matched,54,0.1,8,5.399999999999999,0.8230304799999999,0.17696952,50,0.85,0.63662,0.603355,1.0
snr_only_matched,54,0.2,8,10.799999999999997,0.6503030599999999,0.34969693999999996,50,0.85,0.63662,0.603355,1.0
snr_only_matched,54,0.3,8,16.200000000000003,0.6369694800000001,0.36303052,50,0.85,0.63662,0.603355,1.0
snr_only_matched,54,0.4,8,21.599999999999994,0.5363633999999999,0.4636366,50,0.85,0.63662,0.603355,1.0
snr_only_matched,54,0.5,8,27.0,0.3545452,0.6454548,50,0.85,0.63662,0.603355,1.0
snr_only_matched,54,0.6,8,32.400000000000006,0.28484824000000003,0.7151517599999999,50,0.85,0.63662,0.603355,1.0
snr_only_matched,54,0.7,8,37.8,0.22545431999999999,0.7745456799999998,50,0.85,0.63662,0.603355,1.0
snr_only_matched,54,0.8,8,43.19999999999999,0.20363616,0.7963638399999999,50,0.85,0.63662,0.603355,1.0
snr_only_matched,54,0.9,8,48.6,0.19272708000000002,0.80727292,50,0.85,0.63662,0.603355,1.0
snr_only_matched,54,1.0,8,54.0,0.1636362,0.8363637999999999,50,0.85,0.63662,0.603355,1.0
snr_only_matched,64,0.1,8,6.399999999999999,0.7636366,0.23636339999999997,50,0.85,0.63662,0.603355,1.0
snr_only_matched,64,0.2,8,12.799999999999997,0.6315150399999999,0.36848496,50,0.85,0.63662,0.603355,1.0
snr_only_matched,64,0.3,8,19.200000000000003,0.5363633999999999,0.4636366,50,0.85,0.63662,0.603355,1.0
snr_only_matched,64,0.4,8,25.599999999999994,0.45030280000000006,0.5496972,50,0.85,0.63662,0.603355,1.0
snr_only_matched,64,0.5,8,32.0,0.26848458000000003,0.73151542,50,0.85,0.63662,0.603355,1.0
snr_only_matched,64,0.6,8,38.400000000000006,0.2272725,0.7727274999999999,50,0.85,0.63662,0.603355,1.0
snr_only_matched,64,0.7,8,44.80000000000001,0.20545434,0.79454566,50,0.85,0.63662,0.603355,1.0
snr_only_matched,64,0.8,8,51.19999999999999,0.17272710000000002,0.8272728999999999,50,0.85,0.63662,0.603355,1.0
snr_only_matched,64,0.9,8,57.6,0.18242406000000003,0.8175759399999998,50,0.85,0.63662,0.603355,1.0
snr_only_matched,64,1.0,8,64.0,0.16121196000000002,0.8387880400000001,50,0.85,0.63662,0.603355,1.0
snr_only_matched,76,0.1,8,7.600000000000001,0.71454574,0.28545426,50,0.85,0.63662,0.603355,1.0
snr_only_matched,76,0.2,8,15.200000000000003,0.73151498,0.26848501999999996,50,0.85,0.63662,0.603355,1.0
snr_only_matched,76,0.3,8,22.8,0.51333312,0.48666688,50,0.85,0.63662,0.603355,1.0
snr_only_matched,76,0.4,8,30.400000000000006,0.2866664,0.7133335999999999,50,0.85,0.63662,0.603355,1.0
snr_only_matched,76,0.5,8,38.0,0.23636339999999997,0.7636365999999998,50,0.85,0.63662,0.603355,1.0
snr_only_matched,76,0.6,8,45.6,0.19090890000000002,0.8090910999999998,50,0.85,0.63662,0.603355,1.0
snr_only_matched,76,0.7,8,53.19999999999999,0.16909073999999996,0.8309092600000001,50,0.85,0.63662,0.603355,1.0
snr_only_matched,76,0.8,8,60.80000000000001,0.16727256000000001,0.8327274399999999,50,0.85,0.63662,0.603355,1.0
snr_only_matched,76,0.9,8,68.4,0.15272712,0.8472728799999999,50,0.85,0.63662,0.603355,1.0
snr_only_matched,76,1.0,8,76.0,0.15393924,0.84606076,50,0.85,0.63662,0.603355,1.0
snr_only_matched,91,0.1,8,9.100000000000001,0.6939396000000001,0.3060604,50,0.85,0.63662,0.603355,1.0
snr_only_matched,91,0.2,8,18.200000000000003,0.54666642,0.45333358,50,0.85,0.63662,0.603355,1.0
snr_only_matched,91,0.3,8,27.3,0.38787854000000005,0.61212146,50,0.85,0.63662,0.603355,1.0
snr_only_matched,91,0.4,8,36.400000000000006,0.23575733999999998,0.7642426599999999,50,0.85,0.63662,0.603355,1.0
snr_only_matched,91,0.5,8,45.5,0.20121192000000002,0.7987880799999999,50,0.85,0.63662,0.603355,1.0
snr_only_matched,91,0.6,8,54.6,0.17818164000000003,0.8218183600000001,50,0.85,0.63662,0.603355,1.0
snr_only_matched,91,0.7,8,63.69999999999999,0.1666665,0.8333335,50,0.85,0.63662,0.603355,1.0
snr_only_matched,91,0.8,8,72.80000000000001,0.14666652,0.85333348,50,0.85,0.63662,0.603355,1.0
snr_only_matched,91,0.9,8,81.9,0.14666652000000002,0.85333348,50,0.85,0.63662,0.603355,1.0
snr_only_matched,91,1.0,8,91.0,0.16303014000000002,0.83696986,50,0.85,0.63662,0.603355,1.0
snr_only_matched,108,0.1,8,10.799999999999997,0.63515168,0.36484831999999995,50,0.85,0.63662,0.603355,1.0
snr_only_matched,108,0.2,8,21.599999999999994,0.54363616,0.45636384,50,0.85,0.63662,0.603355,1.0
snr_only_matched,108,0.3,8,32.400000000000006,0.25333308000000004,0.7466669199999998,50,0.85,0.63662,0.603355,1.0
snr_only_matched,108,0.4,8,43.19999999999999,0.20666646,0.79333354,50,0.85,0.63662,0.603355,1.0
snr_only_matched,108,0.5,8,54.0,0.18060588000000002,0.8193941199999999,50,0.85,0.63662,0.603355,1.0
snr_only_matched,108,0.6,8,64.80000000000001,0.16424226,0.8357577399999999,50,0.85,0.63662,0.603355,1.0
snr_only_matched,108,0.7,8,75.6,0.15090894,0.8490910599999999,50,0.85,0.63662,0.603355,1.0
snr_only_matched,108,0.8,8,86.39999999999998,0.12666654000000002,0.87333346,50,0.85,0.63662,0.603355,1.0
snr_only_matched,108,0.9,8,97.2,0.16666650000000005,0.8333335000000001,50,0.85,0.63662,0.603355,1.0
snr_only_matched,108,1.0,8,108.0,0.15818166,0.84181834,50,0.85,0.63662,0.603355,1.0
snr_only_matched,128,0.1,8,12.799999999999997,0.6933332,0.3066668,50,0.85,0.63662,0.603355,1.0
snr_only_matched,128,0.2,8,25.599999999999994,0.40969674,0.59030326,50,0.85,0.63662,0.603355,1.0
snr_only_matched,128,0.3,8,38.400000000000006,0.22363613999999998,0.7763638599999999,50,0.85,0.63662,0.603355,1.0
snr_only_matched,128,0.4,8,51.19999999999999,0.18727254000000002,0.8127274599999998,50,0.85,0.63662,0.603355,1.0
snr_only_matched,128,0.5,8,64.0,0.15575742,0.8442425800000001,50,0.85,0.63662,0.603355,1.0
snr_only_matched,128,0.6,8,76.80000000000001,0.15333318,0.84666682,50,0.85,0.63662,0.603355,1.0
snr_only_matched,128,0.7,8,89.60000000000002,0.1575756,0.8424244000000002,50,0.85,0.63662,0.603355,1.0
snr_only_matched,128,0.8,8,102.39999999999998,0.15393923999999998,0.84606076,50,0.85,0.63662,0.603355,1.0
snr_only_matched,128,0.9,8,115.2,0.1636362,0.8363638,50,0.85,0.63662,0.603355,1.0
snr_only_matched,128,1.0,8,128.0,0.16606044,0.83393956,50,0.85,0.63662,0.603355,1.0
snr_only_matched,152,0.1,8,15.200000000000003,0.6781816399999999,0.32181836,50,0.85,0.63662,0.603355,1.0
snr_only_matched,152,0.2,8,30.400000000000006,0.27999976,0.7200002399999998,50,0.85,0.63662,0.603355,1.0
snr_only_matched,152,0.3,8,45.6,0.21454524,0.7854547599999999,50,0.85,0.63662,0.603355,1.0
snr_only_matched,152,0.4,8,60.80000000000001,0.15818165999999997,0.84181834,50,0.85,0.63662,0.603355,1.0
snr_only_matched,152,0.5,8,76.0,0.1454544,0.8545456,50,0.85,0.63662,0.603355,1.0
snr_only_matched,152,0.6,8,91.2,0.17757557999999998,0.8224244199999998,50,0.85,0.63662,0.603355,1.0
snr_only_matched,152,0.7,8,106.39999999999998,0.16303014000000002,0.83696986,50,0.85,0.63662,0.603355,1.0
snr_only_matched,152,0.8,8,121.60000000000002,0.15575742,0.84424258,50,0.85,0.63662,0.603355,1.0
snr_only_matched,152,0.9,8,136.8,0.15515136,0.8448486399999997,50,0.85,0.63662,0.603355,1.0
snr_only_matched,152,1.0,8,152.0,0.13878774,0.8612122600000001,50,0.85,0.63662,0.603355,1.0
snr_only_matched,181,0.1,8,18.1,0.56666642,0.43333358,50,0.85,0.63662,0.603355,1.0
snr_only_matched,181,0.2,8,36.2,0.25454522,0.7454547799999999,50,0.85,0.63662,0.603355,1.0
snr_only_matched,181,0.3,8,54.30000000000001,0.17272710000000002,0.8272729,50,0.85,0.63662,0.603355,1.0
snr_only_matched,181,0.4,8,72.4,0.16242408,0.83757592,50,0.85,0.63662,0.603355,1.0
snr_only_matched,181,0.5,8,90.5,0.16848468,0.8315153200000001,50,0.85,0.63662,0.603355,1.0
snr_only_matched,181,0.6,8,108.60000000000002,0.16181802,0.83818198,50,0.85,0.63662,0.603355,1.0
snr_only_matched,181,0.7,8,126.7,0.16303014000000002,0.83696986,50,0.85,0.63662,0.603355,1.0
snr_only_matched,181,0.8,8,144.8,0.16060589999999997,0.8393940999999998,50,0.85,0.63662,0.603355,1.0
snr_only_matched,181,0.9,8,162.89999999999998,0.14666652,0.85333348,50,0.85,0.63662,0.603355,1.0
snr_only_matched,181,1.0,8,181.0,0.15272712000000002,0.8472728799999999,50,0.85,0.63662,0.603355,1.0
snr_only_matched,215,0.1,8,21.5,0.60848466,0.39151534000000004,50,0.85,0.63662,0.603355,1.0
snr_only_matched,215,0.2,8,43.0,0.20848464,0.7915153599999999,50,0.85,0.63662,0.603355,1.0
snr_only_matched,215,0.3,8,64.5,0.15878772000000002,0.84121228,50,0.85,0.63662,0.603355,1.0
snr_only_matched,215,0.4,8,86.0,0.15333318,0.8466668199999999,50,0.85,0.63662,0.603355,1.0
snr_only_matched,215,0.5,8,107.5,0.15515136,0.84484864,50,0.85,0.63662,0.603355,1.0
snr_only_matched,215,0.6,8,129.0,0.151515,0.848485,50,0.85,0.63662,0.603355,1.0
snr_only_matched,215,0.7,8,150.5,0.14666652,0.8533334799999999,50,0.85,0.63662,0.603355,1.0
snr_only_matched,215,0.8,8,172.0,0.1333332,0.8666668,50,0.85,0.63662,0.603355,1.0
snr_only_matched,215,0.9,8,193.5,0.14727258,0.8527274200000001,50,0.85,0.63662,0.603355,1.0
snr_only_matched,215,1.0,8,215.0,0.12727259999999999,0.8727274,50,0.85,0.63662,0.603355,1.0
snr_only_matched,256,0.1,8,25.599999999999994,0.35393912,0.64606088,50,0.85,0.63662,0.603355,1.0
snr_only_matched,256,0.2,8,51.19999999999999,0.18545436,0.81454564,50,0.85,0.63662,0.603355,1.0
snr_only_matched,256,0.3,8,76.80000000000001,0.15575742,0.84424258,50,0.85,0.63662,0.603355,1.0
snr_only_matched,256,0.4,8,102.39999999999998,0.15878771999999997,0.84121228,50,0.85,0.63662,0.603355,1.0
snr_only_matched,256,0.5,8,128.0,0.15090894,0.8490910600000001,50,0.85,0.63662,0.603355,1.0
snr_only_matched,256,0.6,8,153.60000000000002,0.15515136,0.8448486399999999,50,0.85,0.63662,0.603355,1.0
snr_only_matched,256,0.7,8,179.20000000000005,0.15333318,0.8466668199999999,50,0.85,0.63662,0.603355,1.0
snr_only_matched,256,0.8,8,204.79999999999995,0.12484836000000002,0.8751516400000001,50,0.85,0.63662,0.603355,1.0
snr_only_matched,256,0.9,8,230.4,0.12666654000000002,0.8733334599999999,50,0.85,0.63662,0.603355,1.0
snr_only_matched,256,1.0,8,256.0,0.1272726,0.8727274,50,0.85,0.63662,0.603355,1.0
