base_mu_p,rho,char_height_px,n_pairs,paired_cov_char_acc,paired_corr_char_acc,paired_mean_delta,paired_std_delta,paired_win_rate,paired_tie_rate
4,0.1,8,50,-0.00017840709432000003,-0.05018585433697768,-0.0030302999999999992,0.0864175100225643,0.46,0.2
4,0.2,8,50,0.0008538053799600002,0.276483423816156,-0.006666659999999998,0.06686588590439821,0.3,0.28
4,0.3,8,50,-0.00017578346058000008,-0.06389932748581131,-0.0060606,0.07671007543993162,0.42,0.22
4,0.4,8,50,0.00020014577387999997,0.06888249622609299,0.011515140000000002,0.0736922454331526,0.44,0.26
4,0.5,8,50,0.00020764187027999995,0.0905959346779348,-0.0030302999999999992,0.0645732423105732,0.38,0.28
4,0.6,8,50,-0.00024287352335999987,-0.12432101324514887,-0.00424242,0.06650617776432502,0.34,0.28
4,0.7,8,50,-6.409162421999998e-05,-0.03273121980441389,-0.0181818,0.06362304657905027,0.34,0.22
4,0.8,8,50,-0.00015854243886000003,-0.06057503783606786,0.016969679999999997,0.07451918016940337,0.48,0.2
4,0.9,8,50,0.00013567934484000005,0.062205792133564114,-0.01333332,0.06396381332534827,0.32,0.2
4,1.0,8,50,-0.0003980427188399998,-0.11607004904704893,-0.023636340000000002,0.08750364374001805,0.3,0.2
5,0.1,8,50,-0.0007754711725800003,-0.21214124606869708,-0.010909080000000002,0.09420126813541313,0.34,0.18
5,0.2,8,50,-0.0006064341987599999,-0.18911133737825336,0.019999980000000004,0.08735788997005366,0.46,0.24
5,0.3,8,50,0.00032608019339999976,0.12206274208639364,-0.005454539999999999,0.07209832209268119,0.44,0.18
5,0.4,8,50,0.00020276940762000003,0.0724934206190941,9.71445146547012e-19,0.07217885423030765,0.38,0.28
5,0.5,8,50,-0.0007627278087000002,-0.34241249869769347,-0.01454544,0.07773900512406884,0.3,0.28
5,0.6,8,50,0.00014467466051999996,0.04985694798033673,-0.007878779999999998,0.07567953788455635,0.32,0.28
5,0.7,8,50,-7.4960964e-05,-0.03502073841753285,0.014545440000000003,0.06657095606704173,0.44,0.26
5,0.8,8,50,-9.819886284000009e-05,-0.02262968467430069,-0.005454540000000001,0.09556996734633741,0.38,0.2
5,0.9,8,50,-0.00036131184648000004,-0.08598209445406799,0.007878780000000004,0.09559349515746351,0.46,0.12
5,1.0,8,50,-0.0012031234721999993,-0.20128315544377692,-0.001818180000000002,0.11987656820087902,0.36,0.12
6,0.1,8,50,0.00040853725380000016,0.11142817974466823,-0.01393938,0.08080516548600096,0.3,0.2
6,0.2,8,50,0.0003238313644799998,0.12712991959182585,-0.0030303,0.06685467432049909,0.36,0.22
6,0.3,8,50,0.0003388235572799999,0.12958710270605206,-0.009090899999999999,0.06878888611178408,0.42,0.2
6,0.4,8,50,-0.0004512650032799998,-0.12663584311498163,0.009090899999999999,0.08961134564607319,0.48,0.14
6,0.5,8,50,-0.0006341697554399999,-0.2578484565327978,0.01272726,0.07866163469811698,0.42,0.2
6,0.6,8,50,-6.259240493999993e-05,-0.019409108556402446,0.027878760000000002,0.08141282722568968,0.52,0.22
6,0.7,8,50,0.0011371578238799996,0.2790692999857377,0.0030303000000000014,0.07677112604684133,0.4,0.16
6,0.8,8,50,0.0012668402916,0.18245218618475498,0.022424219999999998,0.1068851052224771,0.54,0.16
6,0.9,8,50,0.0014085165135599997,0.23459618682918876,0.04909086,0.09793304109941649,0.56,0.18
6,1.0,8,50,0.0013920251014800003,0.16312472521619006,0.0090909,0.11953841960850912,0.44,0.16
7,0.1,8,50,-0.0003680583332399999,-0.12511165889606513,-0.003636360000000001,0.08136677663813408,0.38,0.24
7,0.2,8,50,0.00014992192800000002,0.05218855551656445,0.0036363599999999995,0.0738827273351492,0.38,0.22
7,0.3,8,50,0.0001398021978600002,0.05607708422532134,0.0036363600000000012,0.06862250183780827,0.36,0.28
7,0.4,8,50,-0.00020614265100000017,-0.07624012752299843,0.0030303000000000014,0.07652663139391411,0.44,0.24
7,0.5,8,50,0.00044676734544000005,0.15979993229692147,0.01999998,0.06861430859536516,0.42,0.3
7,0.6,8,50,0.00084818330766,0.19464647147190697,0.01575756,0.08444102614061486,0.56,0.12
7,0.7,8,50,0.0022405832139600003,0.37270457786916344,0.053939339999999995,0.08835615199735669,0.66,0.14
7,0.8,8,50,-0.0019264967748000002,-0.22831036134486912,0.015757560000000004,0.14412904753615768,0.52,0.1
7,0.9,8,50,0.0012555961470000002,0.12252020670585552,0.04606056000000001,0.13596644049794052,0.64,0.06
7,1.0,8,50,-0.0003073399523999995,-0.015589239796189614,0.0006060600000000016,0.20039950513456864,0.38,0.16
8,0.1,8,50,0.00022863094020000014,0.06805615909527915,0.006666659999999998,0.0791840251173177,0.42,0.2
8,0.2,8,50,0.0003167100729,0.1252600887147083,-0.0024242400000000007,0.06701985498999531,0.4,0.26
8,0.3,8,50,-5.247267479999982e-06,-0.0019774110709893807,-0.0151515,0.07327399979870078,0.34,0.16
8,0.4,8,50,-0.00077659558704,-0.26650033712082677,0.00545454,0.08886373136763952,0.48,0.08
8,0.5,8,50,-0.00039804271884000036,-0.1072011939866534,0.04303026,0.09123617839092121,0.66,0.06
8,0.6,8,50,-0.00018552838590000015,-0.0311462020198323,0.04121207999999999,0.11268046894790597,0.66,0.12
8,0.7,8,50,-0.0002567413016999998,-0.05521079035208012,0.03757572,0.10070113807658779,0.7,0.04
8,0.8,8,50,-0.00048724626600000007,-0.044327312673853606,0.03939389999999999,0.15160773590585674,0.56,0.08
8,0.9,8,50,0.0038957257765028586,0.19573083304478217,-0.0030303400000000077,0.17893493966490176,0.4,0.16
8,1.0,8,50,9.750181962449128e-06,0.00035020343006185976,-0.016363620000000002,0.2359372672818003,0.38,0.1
10,0.1,8,50,0.00028859971139999984,0.09762459119788024,0.019393920000000002,0.07340431930288573,0.48,0.18
10,0.2,8,50,7.683498810000007e-05,0.03033914834958439,-0.0036363599999999995,0.0702419436695768,0.4,0.16
10,0.3,8,50,-0.00019190006784000009,-0.06967712075462168,0.014545440000000003,0.07773900512406884,0.58,0.08
10,0.4,8,50,-0.00099435718746,-0.2691663372879436,0.007272719999999998,0.09901209457394586,0.48,0.14
10,0.5,8,50,-4.647579768000008e-05,-0.0074985426172807105,0.042424199999999995,0.11305239653364275,0.62,0.14
10,0.6,8,50,0.002842519754880001,0.2368707907650234,0.0515151,0.13569188178553646,0.62,0.2
10,0.7,8,50,-0.0021622490065799993,-0.11307223685080135,0.07999992,0.20713801334936088,0.64,0.04
10,0.8,8,50,-0.0008924075553346935,-0.035602232600246024,0.07515144,0.23031259130645082,0.54,0.18
10,0.9,8,50,-0.007579342389742858,-0.1896116294592679,0.053939379999999995,0.30886709856591416,0.54,0.14
10,1.0,8,50,-0.0015014563711212238,-0.02747415632212806,-0.03939392,0.33516943467061855,0.34,0.2
11,0.1,8,50,0.0006746486759999999,0.2188492307706223,-0.007272720000000003,0.069415349641992,0.36,0.2
11,0.2,8,50,1.68662169e-05,0.008564513721655625,-0.0048484800000000005,0.06284062048961643,0.28,0.28
11,0.3,8,50,0.00024662157156,0.08925855197698757,0.014545439999999998,0.0711959295583673,0.46,0.18
11,0.4,8,50,0.00017278502202000014,0.035698877796872634,0.0484848,0.09757070476326386,0.64,0.08
11,0.5,8,50,-0.0009917335537199998,-0.1379509890220402,0.04303026,0.12843202608142565,0.66,0.02
11,0.6,8,50,-0.00176083304436,-0.1487434236300228,0.031515119999999994,0.17064827949534095,0.66,0.04
11,0.7,8,50,9.557987968285742e-05,0.003653729895765904,0.008484919999999991,0.2340096402301549,0.58,0.04
11,0.8,8,50,0.00367684364534449,0.09888035430551326,0.07454548,0.2593943064549303,0.5,0.16
11,0.9,8,50,0.0030763875234799992,0.05997210585627369,-0.024848460000000003,0.3107061142756838,0.34,0.26
11,1.0,8,50,4.160887616530494e-05,0.0006741060342682624,0.02303032,0.35124003920439323,0.5,0.14
13,0.1,8,50,0.00019115045820000012,0.07044736501122864,0.005454539999999999,0.07131428049542392,0.4,0.26
13,0.2,8,50,4.2352944659999954e-05,0.016855617405308724,0.0024242400000000007,0.07029528253645476,0.4,0.22
13,0.3,8,50,-8.320667003999991e-05,-0.026762962698702097,0.005454540000000001,0.08476221796637934,0.46,0.16
13,0.4,8,50,0.0006888912591600004,0.13093498300574716,0.05999994000000001,0.09861952278418305,0.7,0.1
13,0.5,8,50,0.0028387717932599984,0.24877508689860664,0.05393936,0.1373446785132521,0.66,0.12
13,0.6,8,50,-0.0014977200607199997,-0.050163082839122373,0.02787876,0.25211287272743527,0.6,0.1
13,0.7,8,50,-0.001665617555149388,-0.03750740040621162,-0.0363635,0.3050026953012557,0.34,0.22
13,0.8,8,50,0.002589940007533062,0.04298651878857361,0.06000014,0.33968144956258534,0.48,0.24
13,0.9,8,50,-0.00923294975280082,-0.12743290418271075,0.020000019999999997,0.4042285221057711,0.48,0.16
13,1.0,8,50,0.024797159470017965,0.3592584556134637,0.022424199999999988,0.29746358529571243,0.36,0.28
16,0.1,8,50,0.00031146280541999993,0.10684945103684482,-0.0121212,0.07217885423030765,0.36,0.18
16,0.2,8,50,0.00047712653586000017,0.14879200641243934,0.021818160000000003,0.07523996279424919,0.56,0.2
16,0.3,8,50,-0.00066452894586,-0.10067269404304627,0.04969691999999999,0.12468121235502966,0.68,0.06
16,0.4,8,50,-0.0012743363880000002,-0.07532232445235731,0.07757568,0.19361425277370467,0.76,0.06
16,0.5,8,50,9.377232428571332e-06,0.0003279305687683244,0.0424243,0.24465559857149713,0.6,0.12
16,0.6,8,50,-0.0030036981589571434,-0.05595530565241253,0.003030440000000009,0.33872902296951773,0.42,0.18
16,0.7,8,50,0.007418926198909795,0.10645948783476458,-0.02121208000000001,0.353934274738585,0.44,0.18
16,0.8,8,50,-0.017378238503024487,-0.2263454835249914,-0.05696974,0.43469950630652326,0.44,0.08
16,0.9,8,50,-0.015636921802828573,-0.17993376860097887,0.08545465999999999,0.4528600844692929,0.52,0.16
16,1.0,8,50,0.008459745553866936,0.09397757604416639,0.016969700000000018,0.4053652102738684,0.32,0.24
19,0.1,8,50,0.0006203019771,0.2178393074755689,0.013333320000000003,0.06682944137967936,0.52,0.14
19,0.2,8,50,0.00013268090628000003,0.03108210898524017,0.04303026,0.09466365956046703,0.72,0.02
19,0.3,8,50,-0.0012792088506600001,-0.1312395432188553,0.04363631999999999,0.16901515956008206,0.7,0.06
19,0.4,8,50,0.0008807848334983666,0.030687396985466988,0.04545455999999999,0.2413588596595737,0.62,0.1
19,0.5,8,50,-0.009211222959461226,-0.17413904989994974,-0.057575619999999994,0.3556245146553205,0.38,0.16
19,0.6,8,50,-0.0033035684713677528,-0.04898512373656559,-0.024242280000000012,0.38065738737883875,0.48,0.16
19,0.7,8,50,-0.008071080500375513,-0.09883549340162424,0.02727278,0.42403281891123445,0.54,0.16
19,0.8,8,50,0.0065456095335551055,0.06909900723590928,0.009696979999999989,0.4200002420423252,0.4,0.24
19,0.9,8,50,0.0001686588913224497,0.0017683550583184886,0.09151517999999999,0.43650000167167824,0.52,0.2
19,1.0,8,50,0.013283874805199181,0.1231695214918624,0.04666668,0.43489647627543904,0.4,0.28
23,0.1,8,50,-3.223321452000004e-05,-0.01886441445541246,0.024848459999999996,0.060510067646466895,0.52,0.2
23,0.2,8,50,-0.00011731390866,-0.018354082252998945,0.09212112,0.11615280582370792,0.78,0.12
23,0.3,8,50,0.0009332675886857157,0.04919730294380213,0.05333334,0.19710602889945983,0.7,0.06
23,0.4,8,50,-0.0045887356586367355,-0.08867424879184561,0.07151544,0.3384251317830487,0.62,0.1
23,0.5,8,50,0.00879819687899225,0.12087782252183982,-0.045454600000000005,0.3587725245969561,0.4,0.24
23,0.6,8,50,0.005239789429359186,0.06054620043633559,0.06727278,0.4039355460139695,0.52,0.22
23,0.7,8,50,0.0013560462630004078,0.013892532278684745,-0.003636400000000002,0.43941615783297483,0.42,0.18
23,0.8,8,50,0.029465744387107758,0.2840363267027851,-0.10121217999999998,0.386112919830598,0.28,0.3
23,0.9,8,50,-0.008715355972338773,-0.07388717509875564,0.07393944,0.5036612123998108,0.38,0.24
23,1.0,8,50,0.011882838531511428,0.1276905965372453,-0.05454548,0.4041075874086938,0.4,0.16
27,0.1,8,50,0.00032982824160000004,0.10333301538494229,0.004242420000000002,0.07572904694250417,0.44,0.28
27,0.2,8,50,-0.0007765957602000001,-0.08025153874069949,0.09636355999999999,0.14841466955399948,0.72,0.08
27,0.3,8,50,-0.0014726123678314288,-0.04268477574025418,0.04727292,0.2740064055386252,0.68,0.04
27,0.4,8,50,-0.009544059386079181,-0.14561842047872028,0.05757585999999998,0.38793548494226227,0.52,0.1
27,0.5,8,50,-0.011053789119408984,-0.13056403302196212,0.027878879999999988,0.43822894496275455,0.42,0.24
27,0.6,8,50,0.006728515102041631,0.06626014550952246,-0.013939440000000004,0.4362732492470025,0.4,0.28
27,0.7,8,50,-0.0074991138366971456,-0.06560235505302672,-0.019393960000000005,0.4936115213007236,0.36,0.28
27,0.8,8,50,-0.00615805887595837,-0.05496104655387678,0.00545453999999999,0.48622622108225194,0.4,0.2
27,0.9,8,50,-0.002134898706173061,-0.02033514374378552,0.003030300000000008,0.462869764311833,0.42,0.2
27,1.0,8,50,-0.012635447896403256,-0.2142079066281628,0.0024242399999999955,0.37847691004450873,0.54,0.1
32,0.1,8,50,-5.247267479999995e-05,-0.011859620969230624,0.032727240000000005,0.09792347274724279,0.6,0.08
32,0.2,8,50,-0.0025434222432171427,-0.17613635395219732,0.13333328,0.1851881881360247,0.82,0.06
32,0.3,8,50,-0.004129584491284083,-0.06949083668629466,-0.013939080000000006,0.3633894258066901,0.48,0.14
32,0.4,8,50,0.004543388072562857,0.052319716023794344,0.03818192,0.40654926878842323,0.48,0.28
32,0.5,8,50,0.008979229994193875,0.09595198549544551,-0.01333336,0.41169558670205514,0.44,0.2
32,0.6,8,50,0.017548792469786127,0.17501811412869922,-0.07393946,0.4079917872677926,0.36,0.24
32,0.7,8,50,-0.00999495369090122,-0.09176633090135064,0.07515154,0.4880938701786866,0.48,0.2
32,0.8,8,50,-0.00234928758269388,-0.031250715397297714,0.0648485,0.3960039817923011,0.38,0.14
32,0.9,8,50,-0.008396399123706122,-0.13875673848090772,0.07636366,0.3809643003212366,0.54,0.12
32,1.0,8,50,0.00017615826539999995,0.057588526325917135,0.009696959999999998,0.07608209802627686,0.46,0.2
38,0.1,8,50,0.00011169183635999999,0.024637886267448783,0.04787874,0.09911235809615267,0.7,0.06
38,0.2,8,50,0.0038042822192142865,0.14984005493081387,0.07212131999999999,0.2191082490021621,0.7,0.04
38,0.3,8,50,-0.008386255942723264,-0.11530828980070512,0.03151531999999999,0.40563311707273164,0.52,0.1
38,0.4,8,50,0.00805159009314653,0.08227119201596232,0.07999999999999997,0.42476180650787887,0.52,0.28
38,0.5,8,50,0.021869556435981225,0.19981719903564288,0.07272730000000001,0.41859498823131835,0.48,0.28
38,0.6,8,50,0.013497133911660407,0.15447340023763118,0.13939397999999997,0.38970673973624925,0.52,0.2
38,0.7,8,50,-0.004542644758532244,-0.11338950860363324,0.0866667,0.3219808397475552,0.56,0.1
38,0.8,8,50,0.0013298084166342866,0.2505179719663665,0.01575758,0.1170017053305146,0.42,0.22
38,0.9,8,50,0.0007938376724571433,0.10730431809047386,0.0006060399999999943,0.12863625643904378,0.5,0.04
38,1.0,8,50,-1.2368559060000375e-05,-0.003980740503358335,0.019393920000000005,0.08093262033518994,0.54,0.16
45,0.1,8,50,0.0009632483873999998,0.13961617083482034,0.09878777999999999,0.11515628222732793,0.78,0.14
45,0.2,8,50,0.009775301455375508,0.20135229736853172,0.010909480000000004,0.2910276858269772,0.52,0.18
45,0.3,8,50,0.008760706922657551,0.10330494016734876,-0.023636400000000002,0.39240439245612063,0.5,0.18
45,0.4,8,50,-0.005197805859710207,-0.05008933472474972,-0.07090916,0.46831806993774944,0.38,0.22
45,0.5,8,50,0.026414443406238365,0.2562113686792438,0.07878788,0.3917212441708006,0.54,0.26
45,0.6,8,50,-0.0014977253421028548,-0.04976637528538402,0.11818181999999998,0.2838883933911202,0.64,0.16
45,0.7,8,50,0.0007222488881400001,0.24986952320954894,0.023030280000000004,0.06694151498076513,0.5,0.18
45,0.8,8,50,0.0005247267480000004,0.16443527046344764,0.01999998,0.0731101329366867,0.62,0.06
45,0.9,8,50,-8.995297127142908e-05,-0.014103005437559279,-0.023636360000000006,0.1351439797672732,0.4,0.14
45,1.0,8,50,0.0003455700440399994,0.10647717293594436,-0.007878780000000005,0.07617318044049365,0.42,0.08
54,0.1,8,50,-0.0016603907205600002,-0.1425726506561714,0.15030292,0.16369811081288554,0.8,0.02
54,0.2,8,50,-0.01360994898746122,-0.1961577031739328,-0.07333314000000002,0.41459541762877206,0.44,0.12
54,0.3,8,50,-0.0067873585063999995,-0.06762929678268073,0.05575757999999999,0.46295522887331825,0.46,0.24
54,0.4,8,50,-0.007822197558142847,-0.09187410533425734,0.11090910000000001,0.43249393651227963,0.66,0.1
54,0.5,8,50,-0.0013905287269714278,-0.1198319036448799,0.08424244,0.23554642878783028,0.54,0.1
54,0.6,8,50,0.0005846954697257152,0.06068903003891553,0.04121212,0.165383841480856,0.48,0.16
54,0.7,8,50,0.0006169296984685725,0.08289945838781268,-0.0060606200000000035,0.13272473762347395,0.48,0.14
54,0.8,8,50,0.0007458615918000003,0.24679741989238643,0.0006060600000000105,0.06747965440175284,0.48,0.16
54,0.9,8,50,0.0011446539202799992,0.3171559884991389,0.012727259999999994,0.07089257952268349,0.5,0.16
54,1.0,8,50,0.0004872462659999999,0.13812407602855836,-0.0151515,0.07798210182150773,0.32,0.18
64,0.1,8,50,0.0003748051910571428,0.023568619569926164,0.11212115999999998,0.18581957299645835,0.8,0.04
64,0.2,8,50,-0.004735308734102858,-0.0601661275447433,-0.006060479999999986,0.4105943937898354,0.52,0.16
64,0.3,8,50,-0.027405806298612247,-0.262241949637412,-0.0406061,0.5143912452361549,0.38,0.12
64,0.4,8,50,-0.0011105509364530608,-0.03244054823398714,0.15272732,0.32197794641143374,0.58,0.16
64,0.5,8,50,0.0003403227765599995,0.09915721232293659,0.029696940000000005,0.07875687250126176,0.58,0.14
64,0.6,8,50,0.000993232773000001,0.33025557020573026,0.007878780000000004,0.06386118732391374,0.52,0.16
64,0.7,8,50,0.0006281728783199998,0.19184959060539541,0.013939380000000008,0.07275038737505114,0.44,0.22
64,0.8,8,50,0.0009351380259000002,0.2624472399672186,-0.010909079999999995,0.07263437647780836,0.4,0.2
64,0.9,8,50,0.0008298178714799993,0.20734891669499975,0.009090900000000008,0.07988148759568767,0.44,0.1
64,1.0,8,50,0.002236835165760001,0.46018019473951577,0.008484840000000002,0.07244837264756192,0.42,0.2
76,0.1,8,50,-0.00269972594591143,-0.07990305675272492,0.043636560000000005,0.27962545181032605,0.64,0.04
76,0.2,8,50,-0.014388817287170204,-0.1474452681587249,0.08303032,0.47448800998650825,0.52,0.2
76,0.3,8,50,0.015392152585599181,0.21533732635964412,0.15636368,0.3509091327508253,0.58,0.22
76,0.4,8,50,-0.0004913692056000009,-0.0763081916709185,0.03999998,0.13108234609159672,0.62,0.1
76,0.5,8,50,0.0017315982684000001,0.4567474606468871,0.038181780000000005,0.06444542039912533,0.64,0.16
76,0.6,8,50,0.0007102551339000008,0.21668122975602397,0.004848479999999997,0.07227226280890892,0.4,0.24
76,0.7,8,50,0.0001694117786399991,0.053859580911901836,-0.019999979999999994,0.0773450692159494,0.32,0.18
76,0.8,8,50,0.0013897762725600005,0.3040680993025666,0.005454540000000008,0.079984645230069,0.44,0.18
76,0.9,8,50,-0.0005801978613600003,-0.12765114163838817,0.0018181799999999958,0.10159970249769436,0.5,0.1
76,1.0,8,50,0.0007353670568399993,0.17476018279647135,-0.010909080000000008,0.08366513502242139,0.36,0.08
91,0.1,8,50,0.013918403521269383,0.2770252351648797,0.016969939999999996,0.2780124544188924,0.56,0.16
91,0.2,8,50,0.012310131722048983,0.11943502158738475,-0.06121217999999999,0.4276519219423756,0.44,0.22
91,0.3,8,50,-0.0005884446310971434,-0.04245857331505984,0.11636366000000001,0.26127691768435485,0.62,0.16
91,0.4,8,50,0.0003245809741200003,0.11264716638660101,0.01999998,0.07155563322352755,0.56,0.08
91,0.5,8,50,0.0003905466224400003,0.10471750249822194,0.023030279999999993,0.08249215909357689,0.56,0.12
91,0.6,8,50,0.00056445605892,0.1415371426980935,0.010909080000000005,0.08276432136083761,0.5,0.06
91,0.7,8,50,0.00024362313299999968,0.07038602681961559,-0.005454539999999999,0.08045187652615693,0.48,0.06
91,0.8,8,50,0.0008912858619600002,0.21492473533086306,-0.014545439999999991,0.08081212275197329,0.26,0.18
91,0.9,8,50,0.0014939720125199986,0.35362346811530343,-0.015151499999999995,0.07529224994977904,0.36,0.1
91,1.0,8,50,0.0010854347587199997,0.22508091193268603,0.0018181799999999958,0.08731497491049288,0.44,0.16
108,0.1,8,50,-0.0036633500534179603,-0.05758815925945997,0.006060960000000003,0.37600099852684177,0.54,0.12
108,0.2,8,50,-0.020114334208507754,-0.21265689381959046,0.1327273,0.48154778560266115,0.62,0.1
108,0.3,8,50,0.0008605518667200002,0.28551998848800497,0.02424240000000001,0.06565253559459834,0.6,0.12
108,0.4,8,50,0.0008560542088800007,0.25856806210433697,0.009090900000000004,0.07146128792919981,0.46,0.14
108,0.5,8,50,0.00042952632371999933,0.11861490982412747,0.0151515,0.08150714959130886,0.56,0.06
108,0.6,8,50,0.0018245498637600001,0.3305580987783662,0.01757574000000001,0.08616558871951145,0.54,0.12
108,0.7,8,50,0.00177170238414,0.41838931714366134,-0.01696968,0.07038054064242473,0.3,0.1
108,0.8,8,50,0.0006615305072999993,0.13748460900375295,-0.033939359999999995,0.09155400042859953,0.34,0.14
108,0.9,8,50,0.0019396149435000004,0.3884365387537567,0.0012121199999999964,0.07815253896528251,0.38,0.18
108,1.0,8,50,0.00019714733532000012,0.06022179731124804,-0.013939380000000017,0.07845170456542037,0.3,0.14
128,0.1,8,50,0.0024452344626285714,0.028286651962424587,0.00909098,0.4110163473716765,0.44,0.24
128,0.2,8,50,-0.006895673722755915,-0.1585155935925249,0.10787882000000001,0.3424656598613547,0.46,0.12
128,0.3,8,50,0.0007200000592200006,0.26647974626608717,0.016969679999999997,0.06307874419422124,0.44,0.3
128,0.4,8,50,0.0009467569753199996,0.21803939106776088,0.013939380000000001,0.08241260912760864,0.56,0.14
128,0.5,8,50,0.0016229048706,0.3436802358996228,-0.0018181800000000026,0.07873783415626823,0.44,0.16
128,0.6,8,50,0.0013477981327200002,0.2743689788917276,-0.009090899999999996,0.0844432454403548,0.38,0.12
128,0.7,8,50,0.0016453931597999992,0.3225204679872132,-0.009696960000000015,0.08314385184774638,0.36,0.2
128,0.8,8,50,0.0007346174471999997,0.18077981060208356,-0.003636360000000001,0.08159676968164856,0.4,0.16
128,0.9,8,50,0.0011469027492000004,0.2884318893139704,0.004848480000000004,0.07704160648325034,0.46,0.2
128,1.0,8,50,-0.00013492973520000035,-0.041455043603269154,0.005454539999999992,0.08431887469944083,0.48,0.08
152,0.1,8,50,0.0025142006397959227,0.02503993956079602,0.06121213999999999,0.44340059858971176,0.5,0.24
152,0.2,8,50,0.0009272690294399995,0.09756210671928355,0.02363638,0.1651037089824169,0.46,0.08
152,0.3,8,50,-2.9234775960000175e-05,-0.006988832524657562,0.013333319999999989,0.09206837572760801,0.48,0.12
152,0.4,8,50,0.0008984071535399992,0.19901417242780464,-0.00727272000000001,0.08539439430032865,0.42,0.14
152,0.5,8,50,0.002619885691800001,0.4524598829715485,-0.01757574000000001,0.08192911278281978,0.38,0.08
152,0.6,8,50,0.00023387820768000018,0.04794560606672889,0.0066666600000000065,0.09666182989050022,0.42,0.16
152,0.7,8,50,0.000987235895880001,0.30660372091293703,0.0030302999999999945,0.06769039019314337,0.44,0.18
152,0.8,8,50,0.0007529828833800001,0.2544182094741481,-0.0036363600000000073,0.06668346410077988,0.36,0.18
152,0.9,8,50,0.00103970857068,0.26885781055418495,0.006060600000000003,0.07522999921573839,0.5,0.1
152,1.0,8,50,0.0012638418530399992,0.3295117579615689,-0.0018181800000000026,0.07176484537445896,0.4,0.18
181,0.1,8,50,0.01680817381646204,0.1679521632320881,-0.01696974,0.4090927175681552,0.4,0.28
181,0.2,8,50,0.001068194850171429,0.17496850448200454,0.03636362,0.12411489154151832,0.52,0.2
181,0.3,8,50,0.0011131703153999999,0.2717637655249296,-0.007878779999999998,0.07739351283163208,0.46,0.1
181,0.4,8,50,0.00130282155432,0.2904039216529496,-0.030303000000000004,0.0802909889340018,0.32,0.1
181,0.5,8,50,0.001308818431440001,0.367520995607122,-0.00484848,0.06744354154046184,0.4,0.14
181,0.6,8,50,0.0007582301508600002,0.23767876846877536,-0.008484839999999999,0.0716681606662261,0.36,0.22
181,0.7,8,50,0.00088304015592,0.33539129839994125,-0.004242420000000007,0.05998750767301472,0.36,0.3
181,0.8,8,50,0.0014654868461999996,0.4479205436031401,0.0054545399999999964,0.060510067646466895,0.44,0.12
181,0.9,8,50,0.0017735764082399998,0.5935390446214852,-0.007272719999999995,0.0495703580773833,0.32,0.3
181,1.0,8,50,0.0015696825861600005,0.46268237761427605,0.012727259999999997,0.06124884850656377,0.48,0.16
215,0.1,8,50,0.007747985597721636,0.08787277854443368,0.19515158,0.4082213937076996,0.62,0.18
215,0.2,8,50,0.0001559188051200004,0.059771190896824006,0.004848479999999995,0.07016720113785357,0.44,0.22
215,0.3,8,50,-0.00016941177863999984,-0.042987711162856775,-0.020606040000000006,0.09069022532820172,0.34,0.14
215,0.4,8,50,0.00037293079590000036,0.07668313323662626,-0.019393920000000005,0.09479620437717956,0.28,0.14
215,0.5,8,50,0.0009632483873999998,0.24649899617799656,-0.01454544000000001,0.07701241115352772,0.34,0.18
215,0.6,8,50,0.001143154701,0.36725669900439845,-0.0012121200000000032,0.06301929762160159,0.42,0.2
215,0.7,8,50,0.0009032796161999999,0.36664690850301723,-0.0018181800000000026,0.058852114164403654,0.38,0.24
215,0.8,8,50,0.001720354123800001,0.42594356942666056,-0.019999979999999997,0.06834063843731633,0.36,0.12
215,0.9,8,50,0.0020520563895,0.5824414527896716,0.010909079999999998,0.05569456607533628,0.52,0.16
215,1.0,8,50,0.00224882892,0.5637345210021215,-0.0060605999999999915,0.05935625753027224,0.38,0.28
256,0.1,8,50,-0.0014459982076800006,-0.15964951884006717,0.08909089999999999,0.21184808673932423,0.62,0.08
256,0.2,8,50,0.001525455617399999,0.34667349639536005,0.0006060600000000016,0.07584773682965103,0.44,0.14
256,0.3,8,50,0.0008399376016200003,0.1968858313714039,-0.018181799999999998,0.08371887561356758,0.32,0.12
256,0.4,8,50,0.0014437481666399997,0.3937438079697984,-0.010303020000000003,0.07023393934573227,0.36,0.18
256,0.5,8,50,0.0009609995584800003,0.29433646471063063,-0.009090900000000002,0.06851591326472996,0.34,0.22
256,0.6,8,50,0.0016963666153199995,0.5055151026766603,0.00121211999999999,0.057743083384246115,0.4,0.24
256,0.7,8,50,0.0008687975727600003,0.2647686938841093,0.005454539999999999,0.06998802892338088,0.38,0.26
256,0.8,8,50,0.0019872151556400005,0.49791631830856137,-0.0012121200000000077,0.0633159723507426,0.36,0.24
256,0.9,8,50,0.0017417179985399986,0.451691792263592,-0.004848479999999995,0.06518272347424585,0.4,0.14
256,1.0,8,50,0.0024512235227999984,0.5285711872122895,-0.0006060599999999971,0.06635948937552187,0.42,0.26
